Stock_Name,Current_Quantity,Daily_Demand,Delivery_Time_Days,Cost_Price,Selling_Price,Date,Store ID,Category,Region,Units Sold,Units Ordered,Discount,Weather Condition,Holiday/Promotion,Competitor Pricing,Seasonality
Pantry Staples,231,135.47,2,21.78,33.5,2022-01-01,S001,Groceries,North,127,55,20,Rainy,0,29.69,Autumn
Board Game,204,144.04,3,44.11,63.01,2022-01-01,S001,Toys,South,150,66,20,Sunny,0,66.16,Autumn
Toy Car,102,74.02,4,20.99,27.99,2022-01-01,S001,Toys,West,65,51,10,Sunny,1,31.32,Summer
Plush Toy,469,62.18,5,26.18,32.72,2022-01-01,S001,Toys,North,61,164,10,Cloudy,1,34.74,Autumn
Gaming Console,166,9.26,6,44.18,73.64,2022-01-01,S001,Electronics,East,14,135,0,Sunny,0,68.95,Summer
Pantry Staples,138,139.82,7,49.94,76.83,2022-01-01,S001,Groceries,South,128,102,10,Sunny,1,79.35,Winter
Bookshelf,359,108.92,1,23.91,34.16,2022-01-01,S001,Furniture,East,97,167,10,Rainy,1,36.55,Winter
Jacket,380,329.73,2,73.49,97.99,2022-01-01,S001,Clothing,North,312,54,5,Cloudy,0,100.09,Spring
Tablet,183,174.15,3,16.59,20.74,2022-01-01,S001,Electronics,West,175,135,10,Cloudy,0,17.66,Autumn
Puzzle,108,24.47,4,35.99,59.99,2022-01-01,S001,Toys,South,28,196,0,Rainy,1,61.21,Winter
Office Chair,258,152.74,5,38.04,58.53,2022-01-01,S001,Furniture,South,150,153,10,Sunny,1,61.42,Spring
Jeans,66,26.75,6,40.78,58.25,2022-01-01,S001,Clothing,West,24,70,20,Snowy,0,62.21,Spring
Toy Car,96,41.46,7,32.7,43.6,2022-01-01,S001,Toys,South,42,85,0,Cloudy,0,46.31,Spring
Sneakers,193,6.8,1,62.49,78.11,2022-01-01,S001,Clothing,West,12,187,0,Sunny,0,80.06,Spring
Sweater,379,363.46,2,55.79,92.99,2022-01-01,S001,Clothing,North,369,154,15,Snowy,0,95.8,Winter
Headphones,363,255.74,3,14.24,21.9,2022-01-01,S001,Electronics,North,255,69,5,Cloudy,1,20.27,Autumn
Board Game,318,255.37,4,14.75,21.07,2022-01-01,S001,Toys,West,246,177,20,Sunny,0,16.49,Winter
Jacket,241,147.27,5,14.68,19.57,2022-01-01,S001,Clothing,South,151,47,5,Cloudy,0,23.13,Autumn
Sneakers,352,267.38,6,58.62,73.28,2022-01-01,S001,Clothing,East,257,186,10,Cloudy,0,77.26,Winter
Puzzle,274,115.23,7,18.14,30.24,2022-01-01,S001,Toys,East,99,166,5,Cloudy,0,27.1,Spring
Pantry Staples,343,112.55,2,21.32,32.8,2022-01-01,S002,Groceries,South,104,144,20,Sunny,1,30.78,Spring
Jeans,373,135.62,3,32.31,46.16,2022-01-01,S002,Clothing,West,141,151,10,Rainy,1,45.21,Winter
Coffee Table,445,176.31,4,15.34,20.46,2022-01-01,S002,Furniture,East,182,119,20,Snowy,1,22.0,Spring
Plush Toy,191,54.57,5,20.95,26.19,2022-01-01,S002,Toys,West,63,115,0,Cloudy,0,28.06,Autumn
Puzzle,281,150.9,6,49.97,83.29,2022-01-01,S002,Toys,West,156,25,20,Rainy,0,80.64,Autumn
Office Chair,492,242.57,7,55.63,85.59,2022-01-01,S002,Furniture,North,250,168,20,Cloudy,0,86.82,Winter
Fresh Produce,460,401.48,1,63.79,91.13,2022-01-01,S002,Groceries,West,393,70,5,Sunny,0,93.33,Summer
Smart Watch,304,35.54,2,50.22,66.96,2022-01-01,S002,Electronics,West,29,99,20,Snowy,0,65.36,Summer
Sneakers,113,14.78,3,65.03,81.29,2022-01-01,S002,Clothing,South,9,84,5,Rainy,1,82.06,Winter
Gaming Console,157,132.75,4,36.5,60.84,2022-01-01,S002,Electronics,North,126,181,0,Snowy,1,65.22,Winter
Pantry Staples,67,7.44,5,22.5,34.62,2022-01-01,S002,Groceries,West,13,33,0,Snowy,1,33.98,Autumn
Fresh Produce,281,37.27,6,13.69,19.56,2022-01-01,S002,Groceries,East,25,136,5,Rainy,1,19.01,Winter
Jacket,389,299.7,7,43.34,57.78,2022-01-01,S002,Clothing,East,283,177,20,Cloudy,0,58.5,Spring
Tablet,465,370.36,1,73.02,91.28,2022-01-01,S002,Electronics,East,359,77,20,Cloudy,0,90.85,Summer
Puzzle,197,148.55,2,35.94,59.9,2022-01-01,S002,Toys,South,129,94,15,Sunny,1,55.23,Winter
Building Blocks,242,58.07,3,29.67,45.65,2022-01-01,S002,Toys,South,63,85,20,Rainy,1,42.17,Spring
Fresh Produce,398,390.89,4,8.2,11.71,2022-01-01,S002,Groceries,West,373,92,20,Cloudy,1,10.0,Winter
Bakery Goods,234,177.41,5,44.13,58.84,2022-01-01,S002,Groceries,North,160,140,5,Cloudy,0,54.39,Summer
Plush Toy,67,34.38,6,67.99,84.99,2022-01-01,S002,Toys,East,15,186,5,Sunny,1,81.02,Winter
Puzzle,221,115.0,7,52.26,87.1,2022-01-01,S002,Toys,West,101,38,0,Rainy,1,91.56,Spring
Building Blocks,241,161.09,2,43.69,67.21,2022-01-01,S003,Toys,South,147,180,5,Sunny,1,67.39,Summer
Bluetooth Speaker,115,11.11,3,19.74,28.2,2022-01-01,S003,Electronics,West,4,169,10,Sunny,1,25.63,Spring
Bakery Goods,375,75.04,4,42.12,56.16,2022-01-01,S003,Groceries,South,77,145,10,Sunny,1,57.16,Spring
Plush Toy,153,42.99,5,71.62,89.53,2022-01-01,S003,Toys,South,31,145,20,Rainy,1,93.6,Winter
Sweater,438,330.92,6,58.77,97.95,2022-01-01,S003,Clothing,West,325,20,20,Sunny,0,93.54,Winter
Pantry Staples,456,159.17,7,49.64,76.37,2022-01-01,S003,Groceries,North,163,22,5,Rainy,1,71.38,Summer
Bluetooth Speaker,189,26.91,1,60.89,86.99,2022-01-01,S003,Electronics,North,34,107,15,Rainy,1,90.5,Summer
Toy Car,223,45.48,2,49.9,66.53,2022-01-01,S003,Toys,North,47,107,15,Cloudy,1,70.46,Spring
Dairy Products,381,30.05,3,59.89,74.86,2022-01-01,S003,Groceries,South,15,184,15,Snowy,1,73.93,Winter
Canned Goods,166,141.34,4,58.25,97.09,2022-01-01,S003,Groceries,South,126,124,5,Rainy,1,95.8,Summer
Building Blocks,292,242.02,5,36.52,56.19,2022-01-01,S003,Toys,East,232,155,0,Snowy,1,57.85,Winter
Bluetooth Speaker,311,176.75,6,63.27,90.38,2022-01-01,S003,Electronics,North,175,55,20,Cloudy,0,89.52,Summer
Coffee Table,51,12.86,7,55.48,73.98,2022-01-01,S003,Furniture,North,17,172,20,Cloudy,1,76.65,Summer
Tablet,398,387.88,1,63.22,79.03,2022-01-01,S003,Electronics,South,369,26,5,Rainy,0,82.51,Spring
Sweater,445,266.36,2,16.63,27.72,2022-01-01,S003,Clothing,West,260,24,5,Snowy,0,23.28,Autumn
Pantry Staples,487,349.36,3,63.82,98.18,2022-01-01,S003,Groceries,South,347,93,15,Rainy,0,99.58,Winter
Jeans,429,157.82,4,18.97,27.1,2022-01-01,S003,Clothing,East,150,168,5,Cloudy,1,27.4,Spring
Toy Car,204,83.01,5,72.81,97.08,2022-01-01,S003,Toys,West,70,170,15,Snowy,1,94.88,Winter
Sneakers,330,268.25,6,21.37,26.71,2022-01-01,S003,Clothing,East,249,37,15,Cloudy,1,24.81,Summer
Gaming Console,431,387.57,7,57.51,95.85,2022-01-01,S003,Electronics,North,370,99,20,Cloudy,1,95.7,Spring
Building Blocks,477,286.65,2,10.15,15.62,2022-01-01,S004,Toys,South,271,66,15,Sunny,0,16.09,Winter
Jeans,462,176.06,3,28.79,41.13,2022-01-01,S004,Clothing,North,180,183,5,Sunny,0,45.05,Autumn
Jacket,446,352.93,4,66.99,89.32,2022-01-01,S004,Clothing,West,344,27,20,Cloudy,0,93.0,Autumn
Dairy Products,437,-2.4,5,69.78,87.23,2022-01-01,S004,Groceries,West,0,160,10,Sunny,0,90.36,Spring
Canned Goods,397,196.57,6,49.03,81.72,2022-01-01,S004,Groceries,North,200,172,0,Snowy,1,85.22,Spring
Headphones,470,396.4,7,26.88,41.35,2022-01-01,S004,Electronics,East,382,195,10,Snowy,0,39.86,Summer
Bluetooth Speaker,264,197.45,1,47.08,67.26,2022-01-01,S004,Electronics,West,190,139,20,Cloudy,0,64.78,Summer
Coffee Table,250,54.98,2,64.41,85.88,2022-01-01,S004,Furniture,South,51,137,20,Snowy,1,86.14,Winter
Dining Chair,63,51.78,3,47.38,59.23,2022-01-01,S004,Furniture,North,40,73,10,Rainy,1,61.1,Summer
Canned Goods,447,115.03,4,20.09,33.48,2022-01-01,S004,Groceries,East,104,96,15,Cloudy,0,37.15,Summer
Headphones,205,46.65,5,35.65,54.84,2022-01-01,S004,Electronics,West,46,27,0,Sunny,1,57.76,Spring
Bluetooth Speaker,349,0.95,6,9.98,14.25,2022-01-01,S004,Electronics,North,9,165,5,Rainy,1,18.56,Spring
Coffee Table,191,54.47,7,46.36,61.81,2022-01-01,S004,Furniture,East,56,65,0,Sunny,0,63.92,Autumn
Tablet,406,69.73,1,53.55,66.94,2022-01-01,S004,Electronics,West,63,139,10,Snowy,1,68.47,Winter
Sweater,228,171.96,2,36.32,60.54,2022-01-01,S004,Clothing,South,181,127,5,Cloudy,0,65.27,Autumn
Pantry Staples,263,98.05,3,61.27,94.26,2022-01-01,S004,Groceries,South,94,24,15,Rainy,0,96.74,Summer
Bluetooth Speaker,203,55.12,4,17.88,25.55,2022-01-01,S004,Electronics,South,46,75,0,Rainy,0,28.07,Winter
Bakery Goods,143,27.3,5,12.55,16.73,2022-01-01,S004,Groceries,West,8,27,5,Cloudy,1,18.79,Spring
Dairy Products,359,181.25,6,56.96,71.2,2022-01-01,S004,Groceries,West,172,125,15,Rainy,1,73.85,Spring
Sweater,211,86.27,7,6.9,11.5,2022-01-01,S004,Clothing,West,68,37,20,Snowy,0,9.26,Winter
Building Blocks,111,83.47,2,45.71,70.33,2022-01-01,S005,Toys,West,77,60,10,Cloudy,0,70.29,Winter
Jeans,415,292.96,3,40.0,57.15,2022-01-01,S005,Clothing,West,298,107,5,Snowy,1,60.71,Autumn
Smart Watch,384,76.02,4,27.13,36.17,2022-01-01,S005,Electronics,North,64,26,5,Sunny,0,40.93,Spring
Dining Chair,436,292.04,5,40.62,50.77,2022-01-01,S005,Furniture,West,300,174,15,Snowy,1,54.7,Spring
Sweater,180,38.63,6,55.72,92.86,2022-01-01,S005,Clothing,West,21,47,15,Rainy,1,96.3,Winter
Pantry Staples,185,174.06,7,39.49,60.76,2022-01-01,S005,Groceries,North,176,163,20,Cloudy,0,61.15,Summer
Jeans,292,122.6,1,32.53,46.47,2022-01-01,S005,Clothing,South,131,140,15,Snowy,0,50.84,Summer
Toy Car,478,328.64,2,25.56,34.08,2022-01-01,S005,Toys,West,317,197,5,Snowy,1,30.44,Winter
Dairy Products,182,92.62,3,70.25,87.81,2022-01-01,S005,Groceries,West,97,27,5,Snowy,0,85.45,Spring
Sweater,87,14.38,4,22.22,37.04,2022-01-01,S005,Clothing,East,8,141,10,Rainy,1,36.87,Summer
Pantry Staples,427,94.65,5,35.18,54.12,2022-01-01,S005,Groceries,West,104,128,10,Rainy,1,53.03,Summer
Bluetooth Speaker,245,90.59,6,47.35,67.64,2022-01-01,S005,Electronics,West,87,188,15,Sunny,0,63.53,Summer
Coffee Table,317,256.57,7,61.64,82.18,2022-01-01,S005,Furniture,South,238,95,5,Cloudy,0,87.09,Summer
Tablet,325,188.55,1,34.1,42.62,2022-01-01,S005,Electronics,South,171,43,20,Cloudy,1,42.01,Autumn
Floor Lamp,411,260.79,2,6.92,11.54,2022-01-01,S005,Furniture,West,250,119,10,Cloudy,0,11.27,Spring
T-Shirt,71,1.85,3,10.6,16.3,2022-01-01,S005,Clothing,South,11,32,5,Sunny,0,17.98,Winter
Bluetooth Speaker,388,390.04,4,68.82,98.31,2022-01-01,S005,Electronics,East,371,98,15,Sunny,1,102.42,Spring
Coffee Table,161,103.97,5,36.72,48.96,2022-01-01,S005,Furniture,West,107,66,10,Snowy,1,50.03,Spring
Dairy Products,235,119.33,6,70.58,88.22,2022-01-01,S005,Groceries,South,106,124,5,Rainy,0,91.16,Spring
Gaming Console,108,105.92,7,6.62,11.04,2022-01-01,S005,Electronics,South,101,52,10,Snowy,1,9.14,Autumn
Pantry Staples,116,92.94,2,18.17,27.95,2022-01-02,S001,Groceries,West,81,104,10,Cloudy,0,30.89,Spring
Jeans,416,171.6,3,13.85,19.78,2022-01-02,S001,Clothing,West,163,79,15,Cloudy,0,18.76,Spring
Jacket,488,463.12,4,53.24,70.99,2022-01-02,S001,Clothing,South,464,163,10,Snowy,0,72.93,Summer
Dairy Products,248,133.92,5,39.65,49.56,2022-01-02,S001,Groceries,East,116,107,5,Snowy,0,50.46,Summer
Gaming Console,238,204.3,6,14.26,23.76,2022-01-02,S001,Electronics,East,200,40,15,Sunny,1,19.19,Summer
Office Chair,471,51.57,7,30.91,47.56,2022-01-02,S001,Furniture,East,58,32,0,Snowy,1,46.82,Summer
Bluetooth Speaker,178,60.3,1,11.97,17.1,2022-01-02,S001,Electronics,North,56,149,5,Snowy,1,17.0,Autumn
Jacket,92,67.04,2,44.17,58.89,2022-01-02,S001,Clothing,East,74,121,5,Cloudy,0,61.56,Autumn
Plush Toy,99,70.6,3,79.81,99.76,2022-01-02,S001,Toys,South,54,182,20,Cloudy,0,95.61,Spring
Sweater,171,47.8,4,6.86,11.44,2022-01-02,S001,Clothing,North,39,163,5,Sunny,0,12.71,Summer
Office Chair,215,16.92,5,35.0,53.84,2022-01-02,S001,Furniture,East,12,173,0,Cloudy,1,53.79,Spring
Bookshelf,281,70.71,6,40.49,57.84,2022-01-02,S001,Furniture,East,56,187,5,Snowy,1,60.99,Summer
Toy Car,455,44.46,7,26.63,35.51,2022-01-02,S001,Toys,North,31,124,15,Cloudy,1,31.06,Autumn
Tablet,84,23.36,1,25.13,31.41,2022-01-02,S001,Electronics,West,25,20,0,Cloudy,1,28.6,Spring
Gaming Console,246,203.23,2,16.84,28.06,2022-01-02,S001,Electronics,East,198,67,20,Cloudy,1,30.29,Winter
Headphones,399,67.55,3,23.19,35.67,2022-01-02,S001,Electronics,West,77,147,15,Snowy,0,38.02,Summer
Bookshelf,242,181.86,4,19.73,28.18,2022-01-02,S001,Furniture,West,165,105,5,Cloudy,0,27.5,Autumn
Toy Car,478,55.16,5,55.82,74.42,2022-01-02,S001,Toys,North,42,168,5,Snowy,0,69.67,Summer
Dining Chair,156,24.41,6,73.56,91.95,2022-01-02,S001,Furniture,South,8,67,5,Cloudy,1,87.43,Spring
Gaming Console,221,187.49,7,58.73,97.88,2022-01-02,S001,Electronics,North,174,168,0,Snowy,0,99.5,Autumn
Headphones,402,339.04,2,43.27,66.57,2022-01-02,S002,Electronics,West,343,141,20,Rainy,1,63.92,Summer
Bookshelf,132,82.44,3,63.25,90.36,2022-01-02,S002,Furniture,West,71,60,5,Rainy,0,86.73,Winter
Bakery Goods,218,153.42,4,69.18,92.24,2022-01-02,S002,Groceries,West,157,31,5,Snowy,1,89.57,Autumn
Dairy Products,131,100.61,5,54.97,68.71,2022-01-02,S002,Groceries,South,88,109,0,Snowy,0,69.34,Spring
Canned Goods,93,57.53,6,52.33,87.22,2022-01-02,S002,Groceries,North,64,128,5,Cloudy,1,90.59,Spring
Pantry Staples,344,273.1,7,51.6,79.38,2022-01-02,S002,Groceries,East,273,154,0,Rainy,0,77.28,Autumn
Fresh Produce,340,264.18,1,12.19,17.41,2022-01-02,S002,Groceries,North,247,148,15,Snowy,0,13.57,Summer
Smart Watch,241,46.32,2,11.1,14.8,2022-01-02,S002,Electronics,North,42,187,15,Sunny,1,13.94,Spring
Tablet,296,195.61,3,24.4,30.5,2022-01-02,S002,Electronics,North,197,157,0,Sunny,0,28.86,Spring
Canned Goods,472,387.41,4,16.7,27.84,2022-01-02,S002,Groceries,West,374,65,15,Cloudy,1,32.0,Spring
Office Chair,308,169.13,5,57.6,88.62,2022-01-02,S002,Furniture,East,154,22,0,Cloudy,0,86.3,Winter
Board Game,434,239.09,6,57.64,82.35,2022-01-02,S002,Toys,North,236,30,20,Rainy,0,83.13,Autumn
Toy Car,287,279.91,7,69.43,92.57,2022-01-02,S002,Toys,North,278,92,10,Sunny,1,97.09,Summer
Dining Chair,190,31.53,1,75.5,94.38,2022-01-02,S002,Furniture,West,27,134,5,Rainy,0,89.47,Autumn
Puzzle,353,110.49,2,42.35,70.59,2022-01-02,S002,Toys,North,106,191,0,Cloudy,1,75.27,Winter
Building Blocks,210,166.83,3,41.03,63.13,2022-01-02,S002,Toys,West,154,70,10,Sunny,0,67.23,Autumn
Jeans,193,174.49,4,32.23,46.04,2022-01-02,S002,Clothing,West,176,38,5,Rainy,1,41.4,Autumn
Bakery Goods,124,116.05,5,15.8,21.07,2022-01-02,S002,Groceries,East,124,46,10,Sunny,0,21.71,Autumn
Plush Toy,492,469.74,6,63.29,79.11,2022-01-02,S002,Toys,East,479,132,0,Cloudy,0,80.06,Winter
Sweater,222,76.55,7,38.99,64.99,2022-01-02,S002,Clothing,South,78,42,0,Sunny,1,65.4,Summer
Building Blocks,277,132.41,2,47.76,73.48,2022-01-02,S003,Toys,West,114,40,10,Cloudy,0,72.55,Autumn
Fresh Produce,175,-3.4,3,61.25,87.5,2022-01-02,S003,Groceries,East,2,140,0,Rainy,0,91.2,Autumn
Toy Car,157,22.8,4,66.51,88.68,2022-01-02,S003,Toys,East,7,187,20,Cloudy,1,87.38,Autumn
Dining Chair,120,49.64,5,65.89,82.36,2022-01-02,S003,Furniture,West,54,154,20,Snowy,0,85.85,Autumn
Floor Lamp,375,297.42,6,23.14,38.56,2022-01-02,S003,Furniture,East,282,61,5,Cloudy,0,36.57,Winter
Pantry Staples,302,106.58,7,63.53,97.74,2022-01-02,S003,Groceries,East,93,33,0,Cloudy,0,97.69,Winter
Bluetooth Speaker,375,85.31,1,26.38,37.68,2022-01-02,S003,Electronics,West,85,40,15,Cloudy,0,36.72,Autumn
Jacket,248,130.52,2,27.02,36.03,2022-01-02,S003,Clothing,South,136,50,5,Rainy,0,37.49,Spring
Tablet,219,139.46,3,71.18,88.97,2022-01-02,S003,Electronics,West,140,196,0,Snowy,1,91.53,Spring
Floor Lamp,146,94.23,4,9.89,16.48,2022-01-02,S003,Furniture,West,79,155,10,Cloudy,1,21.42,Spring
Office Chair,218,117.65,5,37.94,58.37,2022-01-02,S003,Furniture,South,106,111,10,Cloudy,1,58.1,Autumn
Fresh Produce,260,1.99,6,19.5,27.86,2022-01-02,S003,Groceries,West,1,142,5,Snowy,1,31.78,Winter
Smart Watch,414,206.35,7,29.36,39.14,2022-01-02,S003,Electronics,West,203,53,5,Rainy,1,35.3,Autumn
Plush Toy,420,384.47,1,53.21,66.51,2022-01-02,S003,Toys,North,368,71,0,Cloudy,0,70.84,Spring
Gaming Console,435,283.25,2,53.79,89.65,2022-01-02,S003,Electronics,East,286,159,20,Snowy,0,84.99,Winter
T-Shirt,230,70.77,3,56.36,86.7,2022-01-02,S003,Clothing,South,69,173,20,Rainy,0,91.05,Spring
Board Game,456,65.67,4,20.78,29.69,2022-01-02,S003,Toys,South,52,78,20,Snowy,0,25.27,Summer
Toy Car,319,126.67,5,65.2,86.93,2022-01-02,S003,Toys,East,109,83,10,Rainy,1,82.59,Winter
Dining Chair,59,44.37,6,47.46,59.33,2022-01-02,S003,Furniture,North,50,135,10,Cloudy,0,54.98,Spring
Gaming Console,155,9.42,7,34.24,57.07,2022-01-02,S003,Electronics,East,0,92,10,Rainy,1,53.34,Summer
Headphones,144,39.12,2,48.2,74.16,2022-01-02,S004,Electronics,North,22,45,15,Rainy,0,69.74,Autumn
Bluetooth Speaker,283,46.65,3,41.57,59.38,2022-01-02,S004,Electronics,East,45,156,0,Sunny,1,62.4,Spring
Jacket,347,87.77,4,36.14,48.18,2022-01-02,S004,Clothing,East,89,122,0,Sunny,1,49.64,Spring
Dairy Products,410,224.66,5,75.8,94.75,2022-01-02,S004,Groceries,East,209,128,20,Snowy,0,90.1,Autumn
Puzzle,99,14.91,6,36.53,60.89,2022-01-02,S004,Toys,West,4,76,5,Sunny,0,59.42,Autumn
Building Blocks,97,52.02,7,9.56,14.71,2022-01-02,S004,Toys,East,47,138,5,Cloudy,0,16.85,Autumn
Bookshelf,339,124.22,1,23.16,33.09,2022-01-02,S004,Furniture,West,115,95,10,Rainy,0,28.55,Spring
Toy Car,144,21.73,2,74.06,98.75,2022-01-02,S004,Toys,South,27,119,15,Snowy,0,102.7,Summer
Dining Chair,110,103.6,3,9.92,12.4,2022-01-02,S004,Furniture,South,90,28,20,Snowy,0,8.56,Autumn
Canned Goods,348,214.99,4,55.21,92.01,2022-01-02,S004,Groceries,South,206,67,15,Snowy,1,87.81,Autumn
Building Blocks,458,339.54,5,59.88,92.12,2022-01-02,S004,Toys,East,328,144,20,Sunny,1,87.37,Spring
Fresh Produce,403,145.99,6,26.17,37.39,2022-01-02,S004,Groceries,South,155,24,20,Sunny,0,38.71,Spring
Jacket,198,191.55,7,64.01,85.35,2022-01-02,S004,Clothing,West,184,161,10,Rainy,1,80.79,Spring
Tablet,472,28.75,1,66.11,82.64,2022-01-02,S004,Electronics,East,16,166,0,Cloudy,0,78.35,Autumn
Puzzle,178,98.56,2,55.31,92.19,2022-01-02,S004,Toys,North,90,79,10,Snowy,1,97.07,Summer
T-Shirt,215,180.76,3,39.92,61.41,2022-01-02,S004,Clothing,West,178,111,0,Sunny,0,61.32,Spring
Bluetooth Speaker,477,254.89,4,67.53,96.47,2022-01-02,S004,Electronics,South,256,150,20,Cloudy,0,93.35,Spring
Coffee Table,198,25.51,5,67.0,89.33,2022-01-02,S004,Furniture,South,27,62,0,Sunny,0,89.63,Spring
Dairy Products,110,79.41,6,47.59,59.49,2022-01-02,S004,Groceries,North,67,83,20,Rainy,1,57.55,Spring
Gaming Console,254,77.15,7,43.83,73.05,2022-01-02,S004,Electronics,North,84,112,15,Sunny,1,74.55,Autumn
Pantry Staples,223,74.8,2,43.87,67.49,2022-01-02,S005,Groceries,East,67,53,5,Sunny,0,65.24,Winter
Bookshelf,100,28.97,3,46.23,66.05,2022-01-02,S005,Furniture,West,15,114,10,Sunny,1,65.16,Autumn
Toy Car,397,336.02,4,60.66,80.88,2022-01-02,S005,Toys,West,333,35,20,Rainy,1,84.97,Winter
Dairy Products,442,54.08,5,48.4,60.5,2022-01-02,S005,Groceries,North,56,38,10,Cloudy,1,64.88,Spring
Floor Lamp,411,172.41,6,43.03,71.72,2022-01-02,S005,Furniture,West,165,194,20,Rainy,0,75.17,Autumn
T-Shirt,76,49.32,7,44.99,69.21,2022-01-02,S005,Clothing,North,54,175,15,Rainy,1,71.17,Summer
Jeans,257,84.69,1,49.48,70.69,2022-01-02,S005,Clothing,East,93,148,20,Snowy,0,71.37,Winter
Coffee Table,353,254.75,2,47.66,63.54,2022-01-02,S005,Furniture,East,250,57,15,Cloudy,0,61.05,Summer
Tablet,119,99.63,3,62.46,78.08,2022-01-02,S005,Electronics,West,90,76,10,Sunny,0,73.69,Winter
Floor Lamp,403,84.32,4,25.85,43.09,2022-01-02,S005,Furniture,West,83,77,10,Sunny,1,47.02,Spring
Headphones,60,23.98,5,16.69,25.67,2022-01-02,S005,Electronics,East,16,149,5,Sunny,1,27.78,Winter
Board Game,182,83.13,6,27.01,38.59,2022-01-02,S005,Toys,West,87,121,20,Rainy,0,33.87,Spring
Coffee Table,455,235.03,7,43.49,57.99,2022-01-02,S005,Furniture,East,241,136,5,Sunny,0,55.4,Spring
Plush Toy,437,282.52,1,11.72,14.65,2022-01-02,S005,Toys,South,286,116,20,Snowy,1,13.12,Winter
Sweater,289,52.77,2,37.96,63.26,2022-01-02,S005,Clothing,West,60,83,0,Rainy,1,61.02,Autumn
Pantry Staples,487,432.86,3,28.37,43.64,2022-01-02,S005,Groceries,East,437,106,15,Cloudy,1,39.13,Autumn
Board Game,418,383.26,4,59.39,84.85,2022-01-02,S005,Toys,North,377,76,20,Sunny,1,84.29,Summer
Jacket,89,78.67,5,35.29,47.05,2022-01-02,S005,Clothing,West,83,113,15,Rainy,1,47.89,Spring
Sneakers,421,220.23,6,61.46,76.83,2022-01-02,S005,Clothing,West,203,152,20,Snowy,0,75.86,Spring
Sweater,211,190.11,7,56.37,93.95,2022-01-02,S005,Clothing,South,183,189,10,Sunny,1,98.89,Spring
Headphones,154,5.36,2,40.76,62.7,2022-01-03,S001,Electronics,West,5,189,20,Rainy,0,58.22,Winter
Jeans,282,193.26,3,37.81,54.02,2022-01-03,S001,Clothing,East,199,70,0,Cloudy,0,52.91,Spring
Toy Car,183,168.28,4,19.52,26.03,2022-01-03,S001,Toys,South,176,124,10,Rainy,0,29.38,Winter
Tablet,239,228.51,5,8.15,10.19,2022-01-03,S001,Electronics,East,214,51,0,Cloudy,1,7.82,Winter
Canned Goods,368,170.76,6,57.32,95.54,2022-01-03,S001,Groceries,West,165,56,0,Sunny,0,91.29,Spring
Office Chair,57,13.6,7,37.47,57.65,2022-01-03,S001,Furniture,South,9,40,5,Sunny,0,58.01,Summer
Jeans,460,143.7,1,61.49,87.85,2022-01-03,S001,Clothing,South,140,70,20,Sunny,0,91.9,Winter
Bakery Goods,214,178.0,2,40.46,53.94,2022-01-03,S001,Groceries,West,177,150,5,Snowy,0,51.47,Autumn
Dairy Products,407,217.69,3,49.14,61.42,2022-01-03,S001,Groceries,South,217,55,20,Sunny,0,65.86,Winter
Gaming Console,51,38.08,4,59.48,99.14,2022-01-03,S001,Electronics,West,47,155,10,Snowy,0,102.66,Autumn
Pantry Staples,252,5.18,5,39.34,60.52,2022-01-03,S001,Groceries,East,3,98,0,Cloudy,0,62.72,Autumn
Jeans,72,9.81,6,60.85,86.93,2022-01-03,S001,Clothing,East,2,62,15,Cloudy,0,83.11,Summer
Jacket,194,20.5,7,62.33,83.11,2022-01-03,S001,Clothing,South,18,120,10,Snowy,1,85.16,Summer
Plush Toy,302,255.54,1,25.82,32.28,2022-01-03,S001,Toys,South,242,145,10,Rainy,1,30.1,Winter
Puzzle,330,246.91,2,31.3,52.17,2022-01-03,S001,Toys,North,228,157,10,Sunny,1,52.43,Summer
T-Shirt,148,35.11,3,60.85,93.61,2022-01-03,S001,Clothing,East,31,160,15,Snowy,1,94.15,Spring
Jeans,315,33.51,4,68.77,98.25,2022-01-03,S001,Clothing,North,16,197,5,Sunny,0,100.34,Spring
Coffee Table,97,37.26,5,58.9,78.53,2022-01-03,S001,Furniture,East,20,147,5,Rainy,0,75.48,Autumn
Dining Chair,240,203.45,6,45.53,56.91,2022-01-03,S001,Furniture,South,193,171,0,Sunny,1,54.2,Spring
Puzzle,178,110.02,7,21.19,35.32,2022-01-03,S001,Toys,North,118,162,20,Cloudy,1,37.56,Summer
Building Blocks,405,100.82,2,31.25,48.08,2022-01-03,S002,Toys,North,96,171,0,Rainy,1,49.4,Autumn
Bluetooth Speaker,200,55.45,3,32.86,46.95,2022-01-03,S002,Electronics,North,48,47,15,Snowy,1,43.48,Summer
Coffee Table,327,127.03,4,70.84,94.45,2022-01-03,S002,Furniture,West,130,166,20,Cloudy,1,99.26,Winter
Dairy Products,409,8.25,5,21.82,27.28,2022-01-03,S002,Groceries,North,11,48,10,Snowy,1,28.61,Autumn
Canned Goods,327,326.56,6,17.84,29.74,2022-01-03,S002,Groceries,West,313,194,0,Snowy,1,31.67,Winter
Office Chair,388,365.82,7,17.97,27.64,2022-01-03,S002,Furniture,North,352,199,5,Snowy,0,27.19,Summer
Board Game,483,277.23,1,42.38,60.54,2022-01-03,S002,Toys,South,265,108,5,Rainy,0,55.83,Autumn
Coffee Table,70,23.62,2,43.91,58.55,2022-01-03,S002,Furniture,South,11,137,10,Cloudy,0,63.45,Summer
Dairy Products,288,207.27,3,46.87,58.59,2022-01-03,S002,Groceries,South,191,29,0,Cloudy,0,60.98,Summer
Gaming Console,270,192.21,4,57.29,95.48,2022-01-03,S002,Electronics,West,185,150,0,Rainy,1,91.76,Winter
T-Shirt,217,154.26,5,24.58,37.81,2022-01-03,S002,Clothing,North,143,66,20,Snowy,1,37.14,Autumn
Bluetooth Speaker,221,104.48,6,34.09,48.7,2022-01-03,S002,Electronics,West,85,84,10,Rainy,0,51.33,Spring
Bakery Goods,303,268.73,7,49.42,65.89,2022-01-03,S002,Groceries,West,270,164,10,Cloudy,0,64.52,Summer
Dairy Products,298,245.02,1,16.3,20.37,2022-01-03,S002,Groceries,West,233,143,0,Rainy,1,23.3,Spring
Floor Lamp,193,177.8,2,27.75,46.25,2022-01-03,S002,Furniture,West,187,57,0,Snowy,0,49.2,Spring
Headphones,205,37.83,3,46.63,71.74,2022-01-03,S002,Electronics,South,39,147,10,Rainy,0,76.17,Winter
Board Game,427,231.16,4,14.4,20.57,2022-01-03,S002,Toys,West,234,195,10,Rainy,1,22.24,Autumn
Jacket,365,208.31,5,22.41,29.88,2022-01-03,S002,Clothing,South,213,106,20,Rainy,1,25.73,Autumn
Sneakers,111,71.88,6,59.18,73.98,2022-01-03,S002,Clothing,North,55,163,15,Rainy,1,73.5,Winter
Canned Goods,271,15.3,7,27.01,45.02,2022-01-03,S002,Groceries,South,22,178,10,Sunny,0,47.01,Spring
T-Shirt,134,100.66,2,53.87,82.88,2022-01-03,S003,Clothing,North,100,185,10,Sunny,1,86.74,Autumn
Fresh Produce,405,355.08,3,12.15,17.36,2022-01-03,S003,Groceries,North,353,74,0,Cloudy,1,17.32,Spring
Smart Watch,290,246.78,4,32.03,42.7,2022-01-03,S003,Electronics,West,255,118,20,Snowy,0,40.38,Autumn
Sneakers,403,166.81,5,71.74,89.67,2022-01-03,S003,Clothing,South,154,189,15,Sunny,0,88.99,Autumn
Sweater,311,154.97,6,39.46,65.77,2022-01-03,S003,Clothing,East,147,29,0,Cloudy,1,61.06,Spring
Headphones,448,357.52,7,62.23,95.74,2022-01-03,S003,Electronics,North,342,112,10,Cloudy,0,94.29,Summer
Bookshelf,277,48.62,1,69.23,98.9,2022-01-03,S003,Furniture,West,54,126,0,Cloudy,0,97.62,Summer
Toy Car,421,292.21,2,30.83,41.11,2022-01-03,S003,Toys,East,289,112,15,Cloudy,0,36.9,Summer
Plush Toy,241,198.59,3,33.66,42.07,2022-01-03,S003,Toys,South,179,135,0,Snowy,1,37.66,Winter
Floor Lamp,186,177.8,4,57.53,95.89,2022-01-03,S003,Furniture,South,175,75,0,Rainy,1,96.19,Autumn
T-Shirt,413,220.54,5,54.68,84.12,2022-01-03,S003,Clothing,West,209,86,5,Sunny,0,89.06,Spring
Board Game,112,113.33,6,49.85,71.21,2022-01-03,S003,Toys,East,109,46,20,Rainy,1,74.71,Summer
Bakery Goods,268,49.77,7,36.92,49.23,2022-01-03,S003,Groceries,South,43,78,0,Rainy,1,47.75,Spring
Plush Toy,347,49.31,1,17.5,21.87,2022-01-03,S003,Toys,South,58,38,10,Rainy,1,25.0,Autumn
Gaming Console,495,390.1,2,36.5,60.83,2022-01-03,S003,Electronics,South,399,86,0,Cloudy,1,60.34,Spring
T-Shirt,324,111.3,3,36.91,56.78,2022-01-03,S003,Clothing,West,95,145,20,Rainy,0,60.75,Winter
Jeans,330,297.58,4,53.28,76.12,2022-01-03,S003,Clothing,West,296,138,5,Snowy,0,77.55,Spring
Smart Watch,297,104.66,5,74.18,98.9,2022-01-03,S003,Electronics,East,105,66,10,Sunny,0,96.55,Winter
Sneakers,169,107.67,6,36.99,46.24,2022-01-03,S003,Clothing,East,103,47,5,Cloudy,0,47.84,Autumn
Puzzle,257,123.65,7,9.81,16.35,2022-01-03,S003,Toys,South,131,103,15,Cloudy,0,19.59,Autumn
Pantry Staples,175,56.84,2,54.36,83.63,2022-01-03,S004,Groceries,East,66,140,15,Sunny,0,79.9,Summer
Fresh Produce,228,161.48,3,57.1,81.57,2022-01-03,S004,Groceries,West,163,161,0,Cloudy,1,77.66,Winter
Jacket,188,98.87,4,33.51,44.68,2022-01-03,S004,Clothing,South,98,176,10,Snowy,0,42.55,Spring
Dairy Products,211,167.75,5,48.09,60.11,2022-01-03,S004,Groceries,East,150,20,0,Rainy,1,62.3,Summer
Floor Lamp,149,21.91,6,14.78,24.63,2022-01-03,S004,Furniture,North,15,60,20,Snowy,0,27.97,Winter
Headphones,383,26.89,7,23.6,36.31,2022-01-03,S004,Electronics,North,36,75,5,Cloudy,1,34.82,Autumn
Bluetooth Speaker,478,307.7,1,7.95,11.36,2022-01-03,S004,Electronics,East,303,153,15,Cloudy,1,15.64,Autumn
Smart Watch,217,215.04,2,47.32,63.1,2022-01-03,S004,Electronics,East,209,35,10,Rainy,1,65.17,Winter
Tablet,73,68.51,3,24.66,30.82,2022-01-03,S004,Electronics,West,69,65,20,Sunny,0,35.26,Winter
Gaming Console,467,139.44,4,14.24,23.73,2022-01-03,S004,Electronics,West,143,183,0,Snowy,0,21.84,Winter
T-Shirt,353,255.26,5,19.17,29.49,2022-01-03,S004,Clothing,West,239,44,5,Sunny,0,31.68,Winter
Fresh Produce,471,188.72,6,52.09,74.42,2022-01-03,S004,Groceries,North,192,115,15,Cloudy,1,75.61,Autumn
Jacket,129,38.86,7,43.72,58.3,2022-01-03,S004,Clothing,South,23,92,20,Rainy,1,59.12,Autumn
Dairy Products,301,160.46,1,48.46,60.58,2022-01-03,S004,Groceries,East,165,34,0,Sunny,1,58.02,Winter
Canned Goods,423,95.5,2,44.09,73.48,2022-01-03,S004,Groceries,South,85,73,0,Rainy,0,77.0,Spring
Pantry Staples,385,86.62,3,10.52,16.18,2022-01-03,S004,Groceries,East,79,130,10,Cloudy,0,18.35,Spring
Board Game,74,43.64,4,26.96,38.52,2022-01-03,S004,Toys,North,33,29,15,Rainy,0,39.57,Spring
Smart Watch,467,270.37,5,35.2,46.93,2022-01-03,S004,Electronics,South,270,108,0,Snowy,0,46.83,Winter
Plush Toy,140,-3.91,6,64.33,80.41,2022-01-03,S004,Toys,North,1,47,0,Snowy,0,76.9,Winter
Sweater,197,161.2,7,57.2,95.33,2022-01-03,S004,Clothing,East,149,134,20,Cloudy,0,97.42,Winter
Pantry Staples,159,18.12,2,23.6,36.3,2022-01-03,S005,Groceries,North,3,145,0,Snowy,0,34.96,Winter
Bluetooth Speaker,322,78.35,3,57.46,82.08,2022-01-03,S005,Electronics,North,59,111,10,Sunny,1,84.13,Spring
Bakery Goods,106,25.13,4,34.8,46.4,2022-01-03,S005,Groceries,East,15,101,20,Snowy,0,49.42,Summer
Dairy Products,475,358.12,5,47.81,59.76,2022-01-03,S005,Groceries,South,351,132,5,Cloudy,0,57.14,Spring
Canned Goods,83,63.37,6,36.21,60.35,2022-01-03,S005,Groceries,North,66,57,20,Sunny,1,60.81,Winter
Pantry Staples,117,59.04,7,26.4,40.61,2022-01-03,S005,Groceries,West,62,58,10,Snowy,1,44.37,Autumn
Jeans,368,95.69,1,44.53,63.61,2022-01-03,S005,Clothing,West,77,44,5,Rainy,1,63.81,Winter
Smart Watch,207,173.93,2,72.82,97.09,2022-01-03,S005,Electronics,South,177,154,5,Snowy,1,95.17,Summer
Tablet,398,350.47,3,42.18,52.72,2022-01-03,S005,Electronics,West,349,98,10,Sunny,0,55.74,Winter
Canned Goods,476,91.48,4,8.65,14.41,2022-01-03,S005,Groceries,North,74,25,20,Sunny,1,11.25,Spring
Pantry Staples,119,43.92,5,48.19,74.14,2022-01-03,S005,Groceries,North,40,151,0,Cloudy,1,69.67,Winter
Board Game,77,68.01,6,32.86,46.94,2022-01-03,S005,Toys,North,72,27,20,Rainy,1,46.58,Winter
Toy Car,191,205.54,7,17.28,23.04,2022-01-03,S005,Toys,South,190,126,5,Snowy,0,19.33,Autumn
Plush Toy,419,263.83,1,22.42,28.02,2022-01-03,S005,Toys,North,263,189,5,Sunny,1,23.72,Autumn
Puzzle,184,143.76,2,52.09,86.82,2022-01-03,S005,Toys,South,126,175,20,Cloudy,0,85.26,Autumn
T-Shirt,361,25.61,3,52.2,80.31,2022-01-03,S005,Clothing,North,17,171,5,Cloudy,1,76.56,Spring
Board Game,154,37.45,4,28.9,41.28,2022-01-03,S005,Toys,East,19,116,10,Rainy,0,40.59,Spring
Toy Car,376,43.47,5,28.82,38.42,2022-01-03,S005,Toys,North,36,53,0,Snowy,1,35.98,Winter
Plush Toy,268,198.44,6,47.94,59.93,2022-01-03,S005,Toys,North,207,177,20,Snowy,0,64.67,Autumn
Puzzle,451,99.88,7,40.06,66.76,2022-01-03,S005,Toys,South,91,193,5,Sunny,0,62.53,Summer
Pantry Staples,85,52.87,2,50.62,77.88,2022-01-04,S001,Groceries,South,58,193,15,Cloudy,1,75.99,Winter
Bluetooth Speaker,91,82.65,3,61.75,88.22,2022-01-04,S001,Electronics,North,91,142,15,Sunny,1,87.44,Autumn
Toy Car,184,82.51,4,7.91,10.55,2022-01-04,S001,Toys,South,70,191,15,Cloudy,0,7.6,Winter
Tablet,209,15.37,5,35.85,44.81,2022-01-04,S001,Electronics,North,0,123,5,Sunny,1,45.53,Winter
Gaming Console,470,45.57,6,41.79,69.65,2022-01-04,S001,Electronics,East,32,192,10,Snowy,0,73.5,Spring
T-Shirt,127,0.54,7,34.68,53.35,2022-01-04,S001,Clothing,South,8,84,20,Cloudy,0,55.07,Spring
Fresh Produce,367,336.71,1,23.43,33.47,2022-01-04,S001,Groceries,North,341,39,5,Cloudy,0,28.95,Spring
Smart Watch,404,350.96,2,45.82,61.1,2022-01-04,S001,Electronics,East,347,183,20,Sunny,0,58.46,Winter
Dairy Products,403,26.72,3,36.2,45.25,2022-01-04,S001,Groceries,North,15,187,10,Sunny,0,46.74,Summer
Puzzle,494,92.86,4,56.99,94.98,2022-01-04,S001,Toys,East,85,122,20,Rainy,0,98.87,Autumn
Building Blocks,421,49.2,5,15.74,24.21,2022-01-04,S001,Toys,South,30,33,0,Sunny,0,25.48,Spring
Bluetooth Speaker,150,140.64,6,46.25,66.07,2022-01-04,S001,Electronics,West,136,129,5,Snowy,0,70.84,Winter
Toy Car,94,46.7,7,26.01,34.68,2022-01-04,S001,Toys,North,31,174,10,Sunny,0,33.73,Winter
Sneakers,77,22.66,1,78.62,98.28,2022-01-04,S001,Clothing,East,7,76,15,Cloudy,1,95.38,Spring
Gaming Console,430,371.89,2,52.34,87.24,2022-01-04,S001,Electronics,West,377,118,10,Cloudy,1,88.66,Spring
Pantry Staples,168,33.2,3,60.71,93.4,2022-01-04,S001,Groceries,North,28,32,10,Sunny,0,93.22,Summer
Board Game,353,349.59,4,37.11,53.02,2022-01-04,S001,Toys,West,348,36,0,Cloudy,1,57.08,Autumn
Bakery Goods,380,258.58,5,43.9,58.54,2022-01-04,S001,Groceries,South,258,66,5,Sunny,1,60.77,Summer
Plush Toy,127,50.38,6,50.63,63.29,2022-01-04,S001,Toys,West,41,191,15,Sunny,1,61.73,Autumn
Gaming Console,153,44.55,7,6.56,10.93,2022-01-04,S001,Electronics,North,49,139,0,Snowy,1,10.76,Winter
T-Shirt,108,85.5,2,29.57,45.49,2022-01-04,S002,Clothing,North,83,25,5,Sunny,1,44.33,Spring
Bookshelf,109,71.47,3,36.63,52.33,2022-01-04,S002,Furniture,West,60,172,10,Cloudy,1,51.78,Summer
Toy Car,493,459.44,4,31.16,41.55,2022-01-04,S002,Toys,North,448,113,15,Rainy,0,44.02,Winter
Plush Toy,289,26.96,5,46.5,58.13,2022-01-04,S002,Toys,East,11,21,0,Sunny,1,61.63,Summer
Canned Goods,425,407.4,6,15.4,25.67,2022-01-04,S002,Groceries,East,390,175,10,Snowy,0,23.55,Spring
T-Shirt,118,88.67,7,22.07,33.96,2022-01-04,S002,Clothing,West,81,139,0,Sunny,0,29.22,Summer
Bluetooth Speaker,449,132.54,1,56.94,81.35,2022-01-04,S002,Electronics,North,121,118,20,Cloudy,0,82.18,Spring
Bakery Goods,184,52.26,2,43.0,57.34,2022-01-04,S002,Groceries,West,44,152,20,Rainy,0,56.99,Spring
Plush Toy,239,104.13,3,40.29,50.36,2022-01-04,S002,Toys,East,88,31,15,Cloudy,0,47.77,Winter
Canned Goods,216,138.75,4,30.8,51.34,2022-01-04,S002,Groceries,West,142,172,15,Rainy,1,53.35,Autumn
Building Blocks,291,48.65,5,8.51,13.09,2022-01-04,S002,Toys,North,48,69,20,Snowy,1,11.98,Summer
Bluetooth Speaker,74,67.72,6,66.4,94.85,2022-01-04,S002,Electronics,North,61,87,0,Cloudy,0,93.92,Winter
Smart Watch,429,151.22,7,12.35,16.47,2022-01-04,S002,Electronics,East,140,180,5,Sunny,0,17.47,Summer
Plush Toy,467,408.18,1,65.72,82.15,2022-01-04,S002,Toys,West,390,188,15,Cloudy,1,79.63,Summer
Puzzle,121,93.99,2,36.68,61.13,2022-01-04,S002,Toys,North,91,197,5,Rainy,0,62.56,Summer
Pantry Staples,134,32.03,3,41.43,63.74,2022-01-04,S002,Groceries,East,32,107,10,Snowy,0,61.83,Winter
Bluetooth Speaker,152,54.96,4,46.75,66.78,2022-01-04,S002,Electronics,East,60,92,10,Snowy,1,67.89,Winter
Jacket,236,220.44,5,22.59,30.12,2022-01-04,S002,Clothing,South,206,63,15,Sunny,1,27.89,Winter
Dairy Products,253,107.84,6,25.01,31.26,2022-01-04,S002,Groceries,West,108,36,10,Sunny,1,33.52,Summer
Floor Lamp,403,340.49,7,12.88,21.47,2022-01-04,S002,Furniture,East,349,42,0,Rainy,0,17.22,Winter
Office Chair,335,276.13,2,52.66,81.01,2022-01-04,S003,Furniture,South,271,147,20,Rainy,0,83.63,Summer
Bluetooth Speaker,293,215.12,3,41.98,59.97,2022-01-04,S003,Electronics,South,202,130,5,Snowy,1,61.76,Spring
Toy Car,169,24.17,4,20.15,26.87,2022-01-04,S003,Toys,North,34,91,10,Snowy,0,30.53,Summer
Sneakers,294,164.1,5,79.3,99.12,2022-01-04,S003,Clothing,West,165,43,10,Rainy,0,97.69,Summer
Canned Goods,69,21.27,6,14.57,24.29,2022-01-04,S003,Groceries,North,2,161,5,Rainy,0,25.5,Summer
Headphones,328,323.67,7,12.01,18.48,2022-01-04,S003,Electronics,East,308,113,0,Rainy,1,17.76,Autumn
Board Game,173,75.54,1,38.31,54.73,2022-01-04,S003,Toys,North,76,157,10,Snowy,1,52.32,Spring
Toy Car,108,95.55,2,44.71,59.61,2022-01-04,S003,Toys,East,91,129,5,Rainy,1,57.85,Summer
Dining Chair,494,121.8,3,11.71,14.64,2022-01-04,S003,Furniture,West,113,84,20,Cloudy,1,12.8,Spring
Gaming Console,366,268.6,4,38.18,63.63,2022-01-04,S003,Electronics,East,274,102,15,Cloudy,1,62.96,Winter
Building Blocks,441,128.01,5,62.39,95.99,2022-01-04,S003,Toys,East,116,52,10,Sunny,0,95.78,Autumn
Bluetooth Speaker,181,18.13,6,52.79,75.41,2022-01-04,S003,Electronics,North,5,37,5,Rainy,1,75.03,Summer
Coffee Table,330,111.27,7,18.14,24.19,2022-01-04,S003,Furniture,East,115,116,15,Rainy,1,28.03,Autumn
Sneakers,228,75.88,1,68.26,85.33,2022-01-04,S003,Clothing,East,79,158,0,Sunny,1,82.64,Spring
Gaming Console,344,235.42,2,9.35,15.58,2022-01-04,S003,Electronics,East,223,53,15,Cloudy,0,19.75,Winter
Office Chair,336,260.26,3,12.76,19.63,2022-01-04,S003,Furniture,West,258,175,10,Cloudy,1,20.65,Summer
Board Game,355,248.1,4,37.67,53.81,2022-01-04,S003,Toys,West,236,26,0,Rainy,0,49.72,Winter
Toy Car,431,323.61,5,28.12,37.49,2022-01-04,S003,Toys,North,309,165,20,Cloudy,0,40.66,Autumn
Dairy Products,172,26.96,6,30.56,38.2,2022-01-04,S003,Groceries,North,32,160,0,Rainy,0,38.42,Summer
Sweater,145,43.44,7,50.48,84.13,2022-01-04,S003,Clothing,South,44,122,15,Snowy,1,84.05,Winter
Office Chair,487,154.43,2,13.25,20.39,2022-01-04,S004,Furniture,South,145,149,15,Sunny,0,21.17,Summer
Fresh Produce,216,141.65,3,49.32,70.46,2022-01-04,S004,Groceries,North,150,162,20,Sunny,1,66.42,Summer
Toy Car,236,36.09,4,39.85,53.13,2022-01-04,S004,Toys,West,40,104,5,Snowy,1,48.66,Spring
Plush Toy,260,256.94,5,65.6,82.0,2022-01-04,S004,Toys,West,245,199,10,Sunny,1,81.29,Winter
Floor Lamp,435,255.72,6,45.33,75.55,2022-01-04,S004,Furniture,North,241,160,15,Snowy,0,75.67,Autumn
Pantry Staples,499,128.04,7,32.67,50.26,2022-01-04,S004,Groceries,South,138,175,0,Cloudy,1,47.5,Autumn
Jeans,180,157.24,1,39.61,56.58,2022-01-04,S004,Clothing,East,152,102,5,Cloudy,1,52.57,Autumn
Coffee Table,128,16.36,2,27.88,37.17,2022-01-04,S004,Furniture,West,12,85,10,Rainy,1,32.41,Winter
Dining Chair,291,158.23,3,66.2,82.75,2022-01-04,S004,Furniture,South,158,35,20,Sunny,1,83.85,Winter
Sweater,444,264.83,4,14.12,23.53,2022-01-04,S004,Clothing,North,265,187,10,Sunny,1,24.56,Spring
T-Shirt,281,243.7,5,36.6,56.3,2022-01-04,S004,Clothing,East,240,182,5,Sunny,0,60.74,Spring
Board Game,189,145.17,6,65.86,94.09,2022-01-04,S004,Toys,North,153,155,5,Cloudy,0,90.8,Spring
Bakery Goods,80,81.02,7,18.4,24.53,2022-01-04,S004,Groceries,West,68,48,20,Snowy,1,23.7,Spring
Dining Chair,314,300.24,1,56.26,70.33,2022-01-04,S004,Furniture,West,302,42,20,Snowy,0,72.22,Autumn
Sweater,167,69.66,2,47.81,79.68,2022-01-04,S004,Clothing,West,70,42,5,Rainy,1,77.12,Spring
Pantry Staples,129,89.92,3,16.7,25.69,2022-01-04,S004,Groceries,West,92,73,0,Sunny,0,27.17,Autumn
Jeans,425,266.14,4,17.53,25.04,2022-01-04,S004,Clothing,East,275,160,5,Sunny,1,29.56,Summer
Bakery Goods,103,20.62,5,42.02,56.02,2022-01-04,S004,Groceries,East,3,34,15,Sunny,0,59.96,Winter
Dairy Products,471,319.56,6,25.11,31.39,2022-01-04,S004,Groceries,West,307,143,5,Rainy,1,29.82,Winter
Canned Goods,364,68.97,7,52.12,86.86,2022-01-04,S004,Groceries,South,62,27,15,Snowy,0,89.19,Spring
Office Chair,383,214.04,2,14.11,21.71,2022-01-04,S005,Furniture,North,195,175,20,Rainy,0,24.12,Winter
Bookshelf,495,36.13,3,28.39,40.56,2022-01-04,S005,Furniture,West,33,75,5,Rainy,1,39.9,Winter
Toy Car,439,266.77,4,21.9,29.2,2022-01-04,S005,Toys,South,263,107,5,Snowy,0,30.66,Winter
Plush Toy,101,97.81,5,65.74,82.18,2022-01-04,S005,Toys,West,83,94,20,Cloudy,1,78.43,Summer
Puzzle,292,85.65,6,27.51,45.85,2022-01-04,S005,Toys,South,78,25,15,Sunny,1,43.84,Autumn
T-Shirt,466,133.87,7,27.35,42.08,2022-01-04,S005,Clothing,West,118,75,10,Sunny,0,37.49,Summer
Jeans,175,141.44,1,35.85,51.22,2022-01-04,S005,Clothing,North,147,130,10,Cloudy,1,54.22,Spring
Coffee Table,327,233.51,2,46.52,62.03,2022-01-04,S005,Furniture,South,216,124,20,Cloudy,0,64.13,Summer
Dairy Products,194,26.91,3,29.22,36.53,2022-01-04,S005,Groceries,West,27,43,15,Snowy,1,35.63,Spring
Gaming Console,349,171.35,4,50.8,84.66,2022-01-04,S005,Electronics,North,172,189,5,Rainy,1,79.81,Winter
Building Blocks,237,77.14,5,25.45,39.15,2022-01-04,S005,Toys,West,78,192,0,Snowy,1,35.15,Autumn
Jeans,220,187.61,6,31.96,45.65,2022-01-04,S005,Clothing,South,196,82,15,Cloudy,1,48.04,Summer
Bakery Goods,86,72.27,7,30.2,40.27,2022-01-04,S005,Groceries,North,75,153,15,Sunny,1,41.66,Summer
Plush Toy,334,8.45,1,66.39,82.99,2022-01-04,S005,Toys,West,11,179,15,Snowy,1,87.85,Spring
Sweater,186,150.43,2,36.09,60.15,2022-01-04,S005,Clothing,West,144,197,20,Cloudy,1,61.9,Summer
Headphones,288,216.05,3,9.87,15.19,2022-01-04,S005,Electronics,North,200,180,10,Sunny,0,12.13,Winter
Board Game,460,252.35,4,26.22,37.46,2022-01-04,S005,Toys,North,256,107,20,Cloudy,1,33.09,Autumn
Bakery Goods,482,137.7,5,25.83,34.44,2022-01-04,S005,Groceries,East,118,168,10,Cloudy,0,33.51,Spring
Plush Toy,278,259.18,6,67.99,84.99,2022-01-04,S005,Toys,North,244,24,20,Rainy,0,85.21,Autumn
Floor Lamp,128,62.09,7,48.98,81.63,2022-01-04,S005,Furniture,West,54,139,10,Rainy,0,78.32,Autumn
Pantry Staples,238,150.27,2,18.5,28.46,2022-01-05,S001,Groceries,South,147,37,20,Sunny,1,29.4,Winter
Board Game,270,237.0,3,55.68,79.54,2022-01-05,S001,Toys,West,220,165,10,Rainy,0,80.22,Spring
Toy Car,216,101.54,4,60.43,80.57,2022-01-05,S001,Toys,South,97,198,5,Rainy,1,78.89,Summer
Tablet,172,40.03,5,74.82,93.53,2022-01-05,S001,Electronics,North,29,73,20,Snowy,1,93.55,Autumn
Floor Lamp,405,193.38,6,27.68,46.13,2022-01-05,S001,Furniture,West,192,76,0,Cloudy,0,42.56,Spring
Building Blocks,338,168.84,7,39.13,60.2,2022-01-05,S001,Toys,North,158,139,0,Rainy,1,57.13,Winter
Fresh Produce,409,17.44,1,37.56,53.65,2022-01-05,S001,Groceries,West,8,143,5,Cloudy,0,53.31,Autumn
Smart Watch,102,35.11,2,44.4,59.2,2022-01-05,S001,Electronics,West,42,23,5,Snowy,0,58.19,Winter
Dining Chair,433,6.6,3,78.42,98.03,2022-01-05,S001,Furniture,East,5,185,5,Rainy,0,93.57,Spring
Floor Lamp,288,85.66,4,19.56,32.6,2022-01-05,S001,Furniture,East,93,169,20,Rainy,0,32.17,Spring
Pantry Staples,485,54.08,5,34.65,53.31,2022-01-05,S001,Groceries,North,44,191,5,Sunny,1,52.89,Spring
Bluetooth Speaker,414,76.67,6,65.77,93.96,2022-01-05,S001,Electronics,West,78,91,20,Sunny,0,98.29,Summer
Toy Car,370,55.73,7,62.47,83.3,2022-01-05,S001,Toys,East,57,24,0,Snowy,0,82.46,Summer
Plush Toy,233,155.79,1,10.13,12.66,2022-01-05,S001,Toys,North,161,171,15,Rainy,1,12.38,Autumn
Puzzle,272,183.33,2,33.46,55.77,2022-01-05,S001,Toys,West,172,139,20,Rainy,1,59.56,Winter
Pantry Staples,189,143.24,3,19.6,30.15,2022-01-05,S001,Groceries,East,132,196,15,Rainy,0,26.17,Autumn
Bluetooth Speaker,120,53.06,4,44.62,63.75,2022-01-05,S001,Electronics,East,46,156,5,Snowy,0,60.02,Winter
Bakery Goods,248,17.8,5,73.13,97.51,2022-01-05,S001,Groceries,South,17,200,10,Snowy,0,97.99,Spring
Tablet,492,47.82,6,39.84,49.8,2022-01-05,S001,Electronics,West,38,167,5,Rainy,1,47.76,Autumn
Puzzle,355,4.5,7,19.98,33.3,2022-01-05,S001,Toys,West,11,26,10,Rainy,0,37.71,Winter
Office Chair,250,171.45,2,36.56,56.24,2022-01-05,S002,Furniture,East,161,70,15,Snowy,1,60.32,Spring
Bluetooth Speaker,182,92.92,3,30.4,43.43,2022-01-05,S002,Electronics,North,101,81,20,Sunny,1,39.61,Autumn
Smart Watch,274,257.46,4,23.08,30.78,2022-01-05,S002,Electronics,North,263,91,10,Snowy,0,34.67,Summer
Dining Chair,148,25.88,5,66.28,82.85,2022-01-05,S002,Furniture,North,32,142,5,Sunny,0,78.98,Autumn
Sweater,241,212.58,6,52.27,87.11,2022-01-05,S002,Clothing,West,209,36,0,Cloudy,1,83.23,Spring
Pantry Staples,131,22.17,7,36.84,56.68,2022-01-05,S002,Groceries,West,24,176,5,Cloudy,0,60.18,Spring
Fresh Produce,80,34.05,1,56.01,80.01,2022-01-05,S002,Groceries,South,20,176,5,Rainy,1,80.65,Winter
Jacket,483,145.1,2,30.93,41.24,2022-01-05,S002,Clothing,East,148,111,0,Cloudy,1,44.9,Autumn
Plush Toy,228,109.92,3,77.57,96.96,2022-01-05,S002,Toys,West,100,183,5,Cloudy,1,98.62,Spring
Puzzle,202,119.12,4,52.61,87.69,2022-01-05,S002,Toys,East,129,55,20,Snowy,0,83.87,Autumn
Office Chair,440,266.89,5,48.39,74.45,2022-01-05,S002,Furniture,East,257,41,5,Cloudy,1,76.99,Spring
Fresh Produce,264,269.59,6,37.3,53.28,2022-01-05,S002,Groceries,West,262,29,5,Rainy,0,56.77,Summer
Toy Car,296,214.64,7,19.04,25.38,2022-01-05,S002,Toys,East,200,20,15,Cloudy,1,25.99,Spring
Dairy Products,201,69.26,1,19.07,23.84,2022-01-05,S002,Groceries,West,56,187,10,Sunny,1,19.73,Spring
Sweater,70,17.01,2,31.33,52.21,2022-01-05,S002,Clothing,South,24,28,20,Cloudy,0,56.17,Summer
Office Chair,176,106.4,3,51.57,79.34,2022-01-05,S002,Furniture,West,105,174,20,Cloudy,0,79.16,Spring
Fresh Produce,399,302.77,4,9.19,13.13,2022-01-05,S002,Groceries,East,294,100,15,Snowy,0,9.46,Summer
Bakery Goods,294,154.25,5,17.46,23.28,2022-01-05,S002,Groceries,East,142,63,15,Cloudy,1,23.86,Autumn
Tablet,222,68.88,6,53.84,67.3,2022-01-05,S002,Electronics,South,55,27,10,Sunny,1,66.27,Spring
Gaming Console,123,27.69,7,10.41,17.35,2022-01-05,S002,Electronics,South,24,110,20,Cloudy,1,13.22,Autumn
Headphones,388,47.35,2,60.49,93.06,2022-01-05,S003,Electronics,West,53,55,0,Snowy,1,88.15,Summer
Fresh Produce,191,187.88,3,58.83,84.04,2022-01-05,S003,Groceries,South,189,177,20,Cloudy,0,87.67,Winter
Coffee Table,370,155.15,4,19.31,25.75,2022-01-05,S003,Furniture,East,146,68,0,Rainy,1,30.21,Summer
Dining Chair,463,188.51,5,61.06,76.32,2022-01-05,S003,Furniture,East,186,77,20,Cloudy,0,79.04,Summer
Puzzle,140,90.49,6,29.71,49.52,2022-01-05,S003,Toys,West,77,149,20,Snowy,1,54.31,Spring
Office Chair,314,220.06,7,60.98,93.81,2022-01-05,S003,Furniture,East,225,135,0,Snowy,0,89.3,Autumn
Jeans,79,74.14,1,53.69,76.7,2022-01-05,S003,Clothing,East,66,69,10,Rainy,1,73.33,Summer
Smart Watch,411,35.46,2,18.21,24.28,2022-01-05,S003,Electronics,South,35,83,15,Snowy,1,21.81,Winter
Tablet,117,7.16,3,11.1,13.87,2022-01-05,S003,Electronics,West,1,64,15,Rainy,1,14.32,Spring
Sweater,109,90.43,4,8.96,14.93,2022-01-05,S003,Clothing,West,95,73,10,Sunny,0,17.34,Winter
Headphones,438,269.91,5,14.44,22.22,2022-01-05,S003,Electronics,East,255,85,10,Snowy,1,25.17,Spring
Board Game,480,122.08,6,40.38,57.69,2022-01-05,S003,Toys,East,132,174,5,Cloudy,0,56.53,Winter
Coffee Table,284,232.6,7,60.27,80.36,2022-01-05,S003,Furniture,East,234,168,15,Rainy,1,78.62,Winter
Dining Chair,444,44.15,1,32.48,40.6,2022-01-05,S003,Furniture,South,42,86,10,Rainy,1,37.42,Winter
Floor Lamp,278,28.28,2,52.08,86.8,2022-01-05,S003,Furniture,South,25,81,0,Snowy,0,90.41,Autumn
Building Blocks,202,29.93,3,19.71,30.33,2022-01-05,S003,Toys,North,30,195,15,Snowy,1,27.66,Autumn
Board Game,192,18.54,4,20.32,29.03,2022-01-05,S003,Toys,East,28,175,0,Snowy,0,25.22,Summer
Bakery Goods,168,41.71,5,73.48,97.97,2022-01-05,S003,Groceries,South,38,74,15,Cloudy,0,102.22,Spring
Plush Toy,308,167.46,6,24.94,31.18,2022-01-05,S003,Toys,West,149,35,0,Sunny,1,34.2,Winter
Canned Goods,286,205.67,7,39.2,65.34,2022-01-05,S003,Groceries,North,192,70,10,Rainy,0,63.05,Autumn
Building Blocks,201,212.56,2,37.43,57.58,2022-01-05,S004,Toys,North,198,103,10,Cloudy,0,58.98,Summer
Bluetooth Speaker,135,88.88,3,37.81,54.02,2022-01-05,S004,Electronics,North,83,49,20,Rainy,0,58.22,Winter
Coffee Table,258,102.13,4,52.47,69.96,2022-01-05,S004,Furniture,North,97,172,10,Snowy,1,70.94,Autumn
Plush Toy,357,190.9,5,40.86,51.07,2022-01-05,S004,Toys,North,173,97,5,Sunny,1,50.35,Spring
Gaming Console,387,87.46,6,59.47,99.12,2022-01-05,S004,Electronics,East,69,199,20,Rainy,1,95.19,Autumn
Office Chair,378,271.82,7,50.43,77.59,2022-01-05,S004,Furniture,East,256,169,15,Sunny,0,79.28,Autumn
Bluetooth Speaker,249,246.58,1,61.32,87.6,2022-01-05,S004,Electronics,North,246,124,10,Snowy,0,92.28,Summer
Jacket,448,343.03,2,32.75,43.67,2022-01-05,S004,Clothing,South,332,184,15,Cloudy,1,40.57,Summer
Plush Toy,348,321.15,3,71.62,89.52,2022-01-05,S004,Toys,North,325,97,0,Rainy,0,87.3,Summer
Canned Goods,412,72.67,4,7.73,12.89,2022-01-05,S004,Groceries,East,53,75,0,Snowy,1,13.92,Autumn
Pantry Staples,344,26.69,5,60.26,92.7,2022-01-05,S004,Groceries,West,17,30,5,Sunny,0,97.29,Autumn
Board Game,475,241.25,6,22.03,31.47,2022-01-05,S004,Toys,West,223,172,20,Snowy,0,29.24,Spring
Smart Watch,400,113.09,7,67.14,89.52,2022-01-05,S004,Electronics,West,95,86,0,Cloudy,0,91.76,Autumn
Plush Toy,424,220.89,1,43.55,54.44,2022-01-05,S004,Toys,North,225,37,20,Sunny,0,57.58,Winter
Canned Goods,441,207.56,2,13.05,21.75,2022-01-05,S004,Groceries,East,216,118,15,Sunny,0,21.05,Winter
Headphones,421,318.43,3,39.52,60.8,2022-01-05,S004,Electronics,North,324,27,0,Rainy,1,58.01,Spring
Board Game,278,90.62,4,42.12,60.17,2022-01-05,S004,Toys,South,75,56,5,Sunny,0,55.33,Summer
Smart Watch,319,170.15,5,14.38,19.17,2022-01-05,S004,Electronics,West,158,176,15,Rainy,1,20.52,Winter
Tablet,353,56.6,6,36.74,45.92,2022-01-05,S004,Electronics,West,55,35,20,Snowy,0,46.95,Winter
Puzzle,149,147.54,7,14.31,23.85,2022-01-05,S004,Toys,South,131,42,5,Cloudy,0,19.43,Autumn
Building Blocks,371,93.27,2,26.31,40.47,2022-01-05,S005,Toys,South,74,115,20,Cloudy,0,40.3,Spring
Board Game,98,62.06,3,18.38,26.25,2022-01-05,S005,Toys,West,59,94,15,Snowy,1,28.27,Autumn
Smart Watch,318,145.3,4,61.56,82.08,2022-01-05,S005,Electronics,South,150,171,5,Rainy,0,82.7,Spring
Dairy Products,200,145.91,5,40.47,50.59,2022-01-05,S005,Groceries,North,135,192,15,Sunny,0,54.05,Spring
Puzzle,299,97.08,6,29.45,49.08,2022-01-05,S005,Toys,West,79,117,5,Rainy,0,45.5,Spring
Pantry Staples,392,68.41,7,8.05,12.38,2022-01-05,S005,Groceries,South,62,125,0,Rainy,1,16.24,Summer
Jeans,399,123.53,1,34.31,49.02,2022-01-05,S005,Clothing,East,130,77,20,Cloudy,0,53.33,Autumn
Toy Car,192,66.44,2,20.85,27.8,2022-01-05,S005,Toys,North,74,116,10,Sunny,1,31.34,Summer
Sneakers,149,34.95,3,47.3,59.13,2022-01-05,S005,Clothing,West,16,23,10,Rainy,0,59.09,Summer
Floor Lamp,406,353.01,4,25.86,43.1,2022-01-05,S005,Furniture,North,342,195,5,Cloudy,1,42.19,Summer
Headphones,91,51.37,5,8.66,13.33,2022-01-05,S005,Electronics,South,48,155,5,Cloudy,0,13.1,Autumn
Jeans,228,218.16,6,69.06,98.66,2022-01-05,S005,Clothing,East,224,147,10,Snowy,0,103.3,Spring
Smart Watch,68,71.81,7,29.85,39.8,2022-01-05,S005,Electronics,South,64,54,15,Rainy,1,35.38,Summer
Plush Toy,358,316.68,1,69.01,86.26,2022-01-05,S005,Toys,North,322,36,10,Rainy,0,85.97,Summer
Puzzle,361,258.32,2,51.49,85.81,2022-01-05,S005,Toys,South,264,75,10,Snowy,1,89.25,Summer
Headphones,371,350.28,3,37.84,58.21,2022-01-05,S005,Electronics,West,343,98,20,Rainy,0,57.49,Spring
Fresh Produce,231,26.67,4,52.09,74.42,2022-01-05,S005,Groceries,East,15,107,5,Cloudy,0,73.86,Summer
Toy Car,269,105.45,5,39.8,53.06,2022-01-05,S005,Toys,East,90,109,10,Sunny,0,56.0,Summer
Sneakers,444,153.0,6,49.52,61.9,2022-01-05,S005,Clothing,South,143,196,15,Snowy,0,60.14,Autumn
Canned Goods,243,47.12,7,32.19,53.65,2022-01-05,S005,Groceries,South,36,107,20,Cloudy,1,49.72,Winter
Headphones,198,39.09,2,59.18,91.05,2022-01-06,S001,Electronics,East,37,155,5,Snowy,0,87.3,Summer
Bookshelf,262,228.65,3,33.12,47.32,2022-01-06,S001,Furniture,East,230,114,0,Rainy,0,45.33,Winter
Toy Car,91,50.51,4,41.08,54.78,2022-01-06,S001,Toys,West,58,187,20,Sunny,0,52.0,Autumn
Dining Chair,466,319.77,5,33.38,41.72,2022-01-06,S001,Furniture,West,305,123,15,Snowy,0,38.59,Autumn
Canned Goods,129,115.29,6,22.54,37.57,2022-01-06,S001,Groceries,East,120,195,0,Snowy,1,33.29,Autumn
Building Blocks,57,1.05,7,54.21,83.4,2022-01-06,S001,Toys,West,2,110,0,Rainy,1,86.18,Autumn
Bluetooth Speaker,76,45.45,1,69.38,99.12,2022-01-06,S001,Electronics,South,35,49,5,Sunny,1,104.06,Summer
Jacket,445,184.96,2,25.8,34.4,2022-01-06,S001,Clothing,West,171,84,10,Cloudy,0,38.52,Spring
Dining Chair,277,198.09,3,47.46,59.33,2022-01-06,S001,Furniture,East,195,134,20,Snowy,1,62.02,Autumn
Sweater,204,98.82,4,20.27,33.79,2022-01-06,S001,Clothing,East,97,143,15,Cloudy,1,36.98,Winter
Building Blocks,200,173.24,5,39.51,60.79,2022-01-06,S001,Toys,East,177,49,20,Cloudy,1,61.26,Spring
Fresh Produce,59,-8.37,6,44.25,63.21,2022-01-06,S001,Groceries,North,1,88,0,Rainy,0,60.48,Spring
Coffee Table,185,174.85,7,48.03,64.04,2022-01-06,S001,Furniture,West,181,189,20,Rainy,0,65.45,Autumn
Dining Chair,201,115.25,1,37.32,46.65,2022-01-06,S001,Furniture,South,100,86,10,Rainy,0,43.83,Winter
Floor Lamp,388,12.68,2,55.33,92.22,2022-01-06,S001,Furniture,South,1,37,0,Cloudy,0,92.67,Spring
T-Shirt,481,425.85,3,18.38,28.27,2022-01-06,S001,Clothing,East,429,164,10,Cloudy,1,25.68,Autumn
Bluetooth Speaker,379,42.81,4,15.8,22.57,2022-01-06,S001,Electronics,West,26,23,5,Rainy,1,21.48,Summer
Smart Watch,423,172.13,5,61.16,81.55,2022-01-06,S001,Electronics,East,176,90,10,Snowy,0,76.9,Winter
Dining Chair,66,19.63,6,76.95,96.19,2022-01-06,S001,Furniture,South,15,126,5,Rainy,1,93.01,Spring
Sweater,98,2.68,7,47.86,79.76,2022-01-06,S001,Clothing,North,2,60,0,Rainy,0,78.21,Winter
Office Chair,131,99.33,2,18.58,28.58,2022-01-06,S002,Furniture,West,81,82,10,Sunny,1,30.51,Winter
Board Game,117,33.65,3,34.19,48.84,2022-01-06,S002,Toys,North,23,47,15,Cloudy,1,44.11,Winter
Jacket,71,71.43,4,45.56,60.75,2022-01-06,S002,Clothing,East,65,197,0,Rainy,0,62.18,Autumn
Dairy Products,72,74.56,5,46.77,58.46,2022-01-06,S002,Groceries,East,62,118,5,Rainy,0,54.87,Autumn
Sweater,106,83.08,6,10.76,17.93,2022-01-06,S002,Clothing,South,76,64,10,Rainy,1,20.75,Autumn
Building Blocks,377,126.54,7,31.99,49.22,2022-01-06,S002,Toys,West,136,89,5,Rainy,0,46.24,Autumn
Bookshelf,469,264.93,1,30.71,43.87,2022-01-06,S002,Furniture,North,255,80,10,Snowy,0,40.56,Autumn
Bakery Goods,392,253.18,2,47.66,63.54,2022-01-06,S002,Groceries,South,244,123,5,Snowy,0,59.21,Summer
Plush Toy,415,177.37,3,32.75,40.94,2022-01-06,S002,Toys,East,173,91,10,Cloudy,1,43.03,Spring
Puzzle,350,337.59,4,39.05,65.09,2022-01-06,S002,Toys,East,330,165,15,Sunny,0,66.25,Autumn
T-Shirt,104,86.35,5,44.88,69.04,2022-01-06,S002,Clothing,South,95,155,20,Sunny,0,64.21,Summer
Fresh Produce,223,144.02,6,30.2,43.15,2022-01-06,S002,Groceries,South,144,198,5,Snowy,0,40.69,Spring
Bakery Goods,467,348.62,7,37.06,49.42,2022-01-06,S002,Groceries,East,350,191,10,Cloudy,0,53.84,Autumn
Dairy Products,372,248.45,1,61.02,76.27,2022-01-06,S002,Groceries,North,240,26,15,Cloudy,1,79.25,Summer
Floor Lamp,224,207.85,2,13.21,22.01,2022-01-06,S002,Furniture,East,210,185,20,Cloudy,1,26.77,Summer
Office Chair,270,54.77,3,59.76,91.94,2022-01-06,S002,Furniture,West,59,39,20,Snowy,1,92.99,Winter
Fresh Produce,207,53.64,4,18.85,26.93,2022-01-06,S002,Groceries,South,57,43,0,Rainy,1,31.05,Winter
Jacket,120,72.49,5,69.82,93.1,2022-01-06,S002,Clothing,North,57,198,15,Rainy,1,93.47,Autumn
Tablet,300,286.28,6,34.12,42.65,2022-01-06,S002,Electronics,North,283,139,10,Sunny,1,44.37,Spring
Sweater,246,215.81,7,59.69,99.48,2022-01-06,S002,Clothing,West,203,47,10,Cloudy,1,100.87,Autumn
Office Chair,223,164.48,2,62.58,96.28,2022-01-06,S003,Furniture,West,170,89,15,Cloudy,1,93.98,Summer
Bluetooth Speaker,110,26.5,3,38.75,55.36,2022-01-06,S003,Electronics,East,30,21,20,Snowy,1,55.66,Autumn
Coffee Table,210,188.69,4,18.88,25.18,2022-01-06,S003,Furniture,South,180,82,15,Rainy,1,29.75,Autumn
Plush Toy,400,223.08,5,49.09,61.36,2022-01-06,S003,Toys,North,211,135,5,Cloudy,1,58.36,Summer
Puzzle,457,250.44,6,50.03,83.39,2022-01-06,S003,Toys,East,243,182,0,Sunny,1,79.82,Spring
T-Shirt,285,4.5,7,7.13,10.97,2022-01-06,S003,Clothing,South,7,56,0,Cloudy,0,8.7,Winter
Bookshelf,108,17.36,1,8.24,11.77,2022-01-06,S003,Furniture,South,9,67,0,Rainy,1,10.1,Winter
Coffee Table,463,248.13,2,17.58,23.44,2022-01-06,S003,Furniture,South,231,175,20,Sunny,0,25.32,Summer
Tablet,60,5.61,3,12.66,15.82,2022-01-06,S003,Electronics,West,11,89,0,Cloudy,1,15.76,Summer
Sweater,148,34.24,4,33.3,55.5,2022-01-06,S003,Clothing,North,18,91,15,Rainy,0,52.96,Spring
T-Shirt,266,142.02,5,37.9,58.31,2022-01-06,S003,Clothing,East,144,183,10,Sunny,0,54.94,Summer
Bookshelf,111,34.8,6,43.13,61.61,2022-01-06,S003,Furniture,West,26,32,10,Sunny,0,58.61,Spring
Toy Car,479,68.73,7,62.56,83.41,2022-01-06,S003,Toys,South,61,82,10,Cloudy,1,83.38,Spring
Dining Chair,268,96.56,1,36.18,45.22,2022-01-06,S003,Furniture,South,80,62,0,Cloudy,1,40.97,Autumn
Floor Lamp,490,478.76,2,12.4,20.66,2022-01-06,S003,Furniture,North,476,53,0,Rainy,1,16.87,Winter
Pantry Staples,385,326.93,3,26.75,41.15,2022-01-06,S003,Groceries,North,316,183,0,Rainy,1,42.58,Spring
Board Game,409,153.54,4,52.54,75.06,2022-01-06,S003,Toys,South,162,200,0,Cloudy,1,73.35,Summer
Coffee Table,221,48.33,5,8.3,11.07,2022-01-06,S003,Furniture,North,51,61,5,Sunny,0,13.04,Spring
Dining Chair,67,37.59,6,41.21,51.51,2022-01-06,S003,Furniture,North,37,84,5,Rainy,1,53.03,Summer
Gaming Console,283,71.1,7,57.0,95.0,2022-01-06,S003,Electronics,West,63,138,0,Rainy,0,94.76,Winter
Pantry Staples,185,106.55,2,10.96,16.86,2022-01-06,S004,Groceries,South,101,69,20,Cloudy,0,12.11,Autumn
Board Game,162,99.68,3,14.14,20.2,2022-01-06,S004,Toys,East,105,71,0,Rainy,0,15.44,Autumn
Coffee Table,405,149.31,4,28.82,38.42,2022-01-06,S004,Furniture,South,134,119,5,Snowy,0,43.03,Winter
Tablet,50,41.93,5,66.55,83.19,2022-01-06,S004,Electronics,North,50,180,10,Snowy,1,88.18,Winter
Floor Lamp,384,237.94,6,47.65,79.42,2022-01-06,S004,Furniture,East,220,25,5,Cloudy,0,77.63,Summer
T-Shirt,488,271.16,7,51.4,79.07,2022-01-06,S004,Clothing,North,260,190,10,Snowy,1,81.47,Autumn
Fresh Produce,129,87.51,1,47.71,68.16,2022-01-06,S004,Groceries,North,80,164,15,Rainy,1,71.46,Autumn
Jacket,226,169.32,2,9.88,13.17,2022-01-06,S004,Clothing,South,167,115,5,Snowy,0,15.66,Summer
Dining Chair,207,178.91,3,72.1,90.13,2022-01-06,S004,Furniture,North,166,104,15,Sunny,0,86.94,Spring
Sweater,490,62.86,4,58.61,97.69,2022-01-06,S004,Clothing,North,49,142,10,Cloudy,0,96.13,Summer
Headphones,293,17.28,5,30.08,46.28,2022-01-06,S004,Electronics,West,26,88,5,Sunny,1,45.18,Summer
Jeans,483,90.39,6,54.49,77.85,2022-01-06,S004,Clothing,North,73,199,0,Cloudy,0,81.15,Spring
Toy Car,389,276.75,7,17.49,23.32,2022-01-06,S004,Toys,West,257,81,0,Cloudy,0,19.92,Autumn
Dairy Products,126,66.22,1,60.7,75.87,2022-01-06,S004,Groceries,East,50,136,15,Rainy,0,77.66,Winter
Floor Lamp,304,66.88,2,54.47,90.79,2022-01-06,S004,Furniture,West,49,102,15,Snowy,1,91.53,Autumn
Headphones,69,36.79,3,52.89,81.37,2022-01-06,S004,Electronics,West,24,190,15,Snowy,1,84.52,Spring
Bluetooth Speaker,220,207.13,4,23.34,33.34,2022-01-06,S004,Electronics,South,192,122,5,Rainy,1,29.25,Spring
Smart Watch,427,39.88,5,71.61,95.48,2022-01-06,S004,Electronics,South,47,167,5,Rainy,0,95.64,Winter
Dining Chair,411,341.07,6,26.86,33.58,2022-01-06,S004,Furniture,South,325,145,20,Cloudy,1,34.57,Autumn
Floor Lamp,261,162.92,7,17.56,29.27,2022-01-06,S004,Furniture,West,150,118,20,Cloudy,0,31.37,Summer
T-Shirt,333,213.22,2,22.7,34.92,2022-01-06,S005,Clothing,West,195,37,15,Rainy,1,34.3,Autumn
Bookshelf,387,32.63,3,64.69,92.42,2022-01-06,S005,Furniture,South,35,23,10,Rainy,0,92.19,Summer
Jacket,186,106.59,4,45.1,60.14,2022-01-06,S005,Clothing,West,96,139,10,Rainy,0,62.06,Spring
Tablet,313,212.71,5,55.22,69.02,2022-01-06,S005,Electronics,East,219,44,15,Sunny,0,73.68,Autumn
Puzzle,121,33.09,6,31.45,52.41,2022-01-06,S005,Toys,East,14,87,20,Snowy,1,47.58,Winter
Building Blocks,475,10.62,7,38.25,58.85,2022-01-06,S005,Toys,South,14,50,20,Rainy,1,58.68,Spring
Fresh Produce,87,33.84,1,40.88,58.4,2022-01-06,S005,Groceries,West,39,187,20,Snowy,0,55.85,Autumn
Toy Car,279,181.89,2,61.48,81.97,2022-01-06,S005,Toys,West,162,79,0,Rainy,0,78.8,Summer
Plush Toy,87,81.01,3,37.26,46.58,2022-01-06,S005,Toys,South,70,44,0,Sunny,1,43.42,Autumn
Puzzle,94,67.98,4,31.89,53.15,2022-01-06,S005,Toys,South,64,176,20,Snowy,0,57.29,Autumn
T-Shirt,248,94.6,5,56.13,86.35,2022-01-06,S005,Clothing,South,83,20,10,Rainy,0,86.19,Summer
Fresh Produce,385,165.78,6,40.4,57.72,2022-01-06,S005,Groceries,South,171,24,0,Cloudy,1,55.53,Winter
Coffee Table,395,92.71,7,66.85,89.13,2022-01-06,S005,Furniture,South,101,146,5,Snowy,1,90.39,Spring
Dining Chair,134,147.93,1,20.7,25.88,2022-01-06,S005,Furniture,West,128,165,5,Snowy,0,27.34,Autumn
Gaming Console,185,13.56,2,23.23,38.71,2022-01-06,S005,Electronics,East,7,89,15,Rainy,0,38.56,Spring
T-Shirt,223,29.69,3,63.56,97.79,2022-01-06,S005,Clothing,South,15,186,15,Cloudy,0,102.66,Summer
Bookshelf,495,250.0,4,34.88,49.83,2022-01-06,S005,Furniture,East,250,161,15,Snowy,0,45.99,Autumn
Coffee Table,200,188.42,5,30.76,41.02,2022-01-06,S005,Furniture,East,192,71,15,Snowy,1,39.59,Winter
Plush Toy,244,150.77,6,40.14,50.18,2022-01-06,S005,Toys,North,149,129,15,Rainy,0,54.25,Spring
Floor Lamp,74,6.64,7,55.76,92.93,2022-01-06,S005,Furniture,West,7,82,20,Sunny,1,89.89,Winter
Office Chair,195,117.92,2,35.09,53.99,2022-01-07,S001,Furniture,North,107,106,10,Sunny,1,58.8,Winter
Jeans,255,125.73,3,56.57,80.82,2022-01-07,S001,Clothing,North,115,66,5,Rainy,0,81.11,Winter
Smart Watch,487,33.38,4,47.3,63.07,2022-01-07,S001,Electronics,North,32,157,0,Sunny,0,67.25,Winter
Dining Chair,339,303.88,5,8.59,10.74,2022-01-07,S001,Furniture,West,307,183,15,Snowy,0,11.3,Winter
Sweater,120,88.38,6,17.78,29.63,2022-01-07,S001,Clothing,West,92,170,15,Cloudy,0,30.55,Spring
Office Chair,399,22.3,7,18.12,27.88,2022-01-07,S001,Furniture,South,23,36,20,Rainy,1,30.02,Winter
Jeans,461,440.06,1,35.33,50.47,2022-01-07,S001,Clothing,North,429,25,10,Rainy,1,46.52,Summer
Jacket,193,67.54,2,28.49,37.99,2022-01-07,S001,Clothing,East,64,191,20,Rainy,0,33.1,Summer
Tablet,402,258.36,3,38.64,48.3,2022-01-07,S001,Electronics,West,242,126,0,Snowy,0,50.42,Autumn
Canned Goods,438,39.58,4,33.04,55.07,2022-01-07,S001,Groceries,East,20,139,0,Cloudy,0,53.32,Autumn
T-Shirt,275,107.22,5,48.02,73.88,2022-01-07,S001,Clothing,North,102,117,10,Snowy,1,70.41,Summer
Fresh Produce,446,137.16,6,45.83,65.47,2022-01-07,S001,Groceries,South,118,109,20,Snowy,0,67.26,Summer
Toy Car,137,70.21,7,27.92,37.22,2022-01-07,S001,Toys,North,71,122,10,Snowy,0,33.29,Summer
Tablet,189,129.39,1,40.94,51.17,2022-01-07,S001,Electronics,East,115,86,0,Cloudy,1,54.34,Spring
Gaming Console,311,133.63,2,7.42,12.36,2022-01-07,S001,Electronics,East,128,165,0,Rainy,0,9.38,Spring
T-Shirt,178,166.56,3,53.62,82.49,2022-01-07,S001,Clothing,East,161,36,5,Sunny,1,79.98,Autumn
Bookshelf,299,74.5,4,9.67,13.81,2022-01-07,S001,Furniture,South,66,185,0,Snowy,1,9.33,Spring
Toy Car,109,98.78,5,43.88,58.5,2022-01-07,S001,Toys,South,87,188,15,Cloudy,1,55.07,Winter
Plush Toy,159,54.36,6,52.46,65.57,2022-01-07,S001,Toys,South,46,29,0,Rainy,1,61.51,Winter
Gaming Console,402,142.0,7,31.48,52.47,2022-01-07,S001,Electronics,West,124,167,20,Rainy,0,50.87,Summer
Building Blocks,394,153.84,2,55.76,85.79,2022-01-07,S002,Toys,West,150,68,5,Snowy,0,82.42,Spring
Bookshelf,461,79.73,3,51.61,73.73,2022-01-07,S002,Furniture,East,67,188,5,Snowy,0,78.46,Summer
Smart Watch,85,80.31,4,32.12,42.82,2022-01-07,S002,Electronics,West,72,59,0,Snowy,1,39.39,Autumn
Dairy Products,301,127.05,5,75.02,93.78,2022-01-07,S002,Groceries,East,114,124,15,Snowy,0,95.71,Summer
Floor Lamp,183,121.76,6,25.54,42.56,2022-01-07,S002,Furniture,South,119,49,10,Rainy,0,41.52,Winter
Building Blocks,429,65.93,7,25.03,38.51,2022-01-07,S002,Toys,North,68,41,20,Cloudy,0,35.74,Summer
Bluetooth Speaker,263,207.06,1,34.54,49.35,2022-01-07,S002,Electronics,South,211,178,15,Cloudy,1,49.28,Winter
Toy Car,74,59.22,2,72.41,96.55,2022-01-07,S002,Toys,North,46,129,10,Cloudy,1,94.72,Spring
Dairy Products,332,118.21,3,57.61,72.01,2022-01-07,S002,Groceries,South,117,101,15,Rainy,0,69.27,Summer
Canned Goods,218,111.17,4,51.22,85.36,2022-01-07,S002,Groceries,South,116,156,5,Cloudy,1,83.62,Summer
T-Shirt,272,46.56,5,19.71,30.33,2022-01-07,S002,Clothing,West,53,143,10,Rainy,1,32.73,Spring
Board Game,365,128.13,6,56.64,80.92,2022-01-07,S002,Toys,West,137,176,20,Cloudy,0,80.54,Winter
Coffee Table,176,155.52,7,34.27,45.69,2022-01-07,S002,Furniture,West,143,124,20,Cloudy,1,47.41,Spring
Tablet,357,145.38,1,31.62,39.53,2022-01-07,S002,Electronics,East,152,76,15,Sunny,1,38.08,Autumn
Gaming Console,288,57.62,2,44.89,74.81,2022-01-07,S002,Electronics,South,39,174,15,Snowy,1,77.91,Autumn
Office Chair,212,215.38,3,27.0,41.54,2022-01-07,S002,Furniture,South,211,128,10,Cloudy,0,42.88,Autumn
Bluetooth Speaker,103,106.28,4,55.81,79.73,2022-01-07,S002,Electronics,South,100,157,0,Rainy,1,81.89,Winter
Coffee Table,222,82.5,5,59.06,78.75,2022-01-07,S002,Furniture,East,73,160,20,Rainy,0,76.47,Summer
Dairy Products,144,119.27,6,9.85,12.31,2022-01-07,S002,Groceries,North,122,148,10,Rainy,0,14.77,Autumn
Canned Goods,90,91.01,7,36.68,61.14,2022-01-07,S002,Groceries,West,86,103,10,Snowy,0,59.68,Summer
T-Shirt,388,49.7,2,43.34,66.68,2022-01-07,S003,Clothing,North,39,187,15,Rainy,1,62.1,Autumn
Bookshelf,427,143.9,3,59.46,84.95,2022-01-07,S003,Furniture,West,145,148,5,Rainy,0,81.19,Winter
Jacket,92,20.75,4,63.9,85.2,2022-01-07,S003,Clothing,South,4,87,0,Sunny,1,90.12,Summer
Dining Chair,121,12.47,5,34.32,42.9,2022-01-07,S003,Furniture,North,8,198,10,Rainy,1,40.45,Winter
Puzzle,340,305.17,6,49.24,82.07,2022-01-07,S003,Toys,South,298,113,20,Rainy,1,86.47,Autumn
Headphones,187,194.41,7,47.7,73.39,2022-01-07,S003,Electronics,East,175,161,0,Rainy,1,71.36,Spring
Fresh Produce,177,189.57,1,28.32,40.45,2022-01-07,S003,Groceries,South,177,169,10,Sunny,1,41.65,Summer
Smart Watch,172,154.77,2,9.36,12.48,2022-01-07,S003,Electronics,South,154,176,0,Rainy,0,14.52,Winter
Dining Chair,113,15.08,3,25.95,32.44,2022-01-07,S003,Furniture,East,24,72,20,Rainy,1,28.48,Winter
Floor Lamp,74,72.14,4,37.11,61.85,2022-01-07,S003,Furniture,North,63,35,0,Sunny,0,66.47,Summer
Headphones,391,47.24,5,22.83,35.12,2022-01-07,S003,Electronics,West,29,37,5,Rainy,0,36.38,Winter
Jeans,158,43.5,6,10.42,14.89,2022-01-07,S003,Clothing,South,52,197,5,Cloudy,1,16.76,Winter
Bakery Goods,244,58.25,7,13.8,18.4,2022-01-07,S003,Groceries,South,59,158,5,Sunny,1,16.55,Autumn
Dairy Products,135,41.05,1,67.16,83.95,2022-01-07,S003,Groceries,East,48,72,15,Snowy,1,83.32,Spring
Puzzle,270,70.58,2,50.19,83.65,2022-01-07,S003,Toys,West,71,71,20,Sunny,0,82.41,Autumn
Headphones,240,90.58,3,10.56,16.24,2022-01-07,S003,Electronics,East,86,189,10,Sunny,0,16.83,Spring
Jeans,437,22.96,4,24.07,34.38,2022-01-07,S003,Clothing,North,12,109,20,Snowy,1,34.61,Winter
Smart Watch,394,334.26,5,54.4,72.54,2022-01-07,S003,Electronics,East,336,35,10,Sunny,0,76.87,Autumn
Dining Chair,317,41.58,6,64.15,80.19,2022-01-07,S003,Furniture,South,35,154,0,Sunny,1,75.71,Autumn
Puzzle,268,16.38,7,56.39,93.99,2022-01-07,S003,Toys,South,20,98,5,Snowy,0,91.56,Spring
Building Blocks,164,5.38,2,59.54,91.6,2022-01-07,S004,Toys,West,13,190,20,Rainy,0,93.9,Winter
Board Game,61,42.15,3,55.52,79.31,2022-01-07,S004,Toys,North,46,172,0,Sunny,1,80.4,Summer
Smart Watch,81,47.54,4,47.27,63.03,2022-01-07,S004,Electronics,North,49,166,15,Cloudy,0,58.96,Spring
Dairy Products,146,92.42,5,35.54,44.43,2022-01-07,S004,Groceries,East,92,157,10,Rainy,0,43.14,Winter
Sweater,117,116.84,6,48.37,80.61,2022-01-07,S004,Clothing,North,108,107,15,Snowy,1,82.67,Summer
Pantry Staples,453,355.68,7,38.43,59.12,2022-01-07,S004,Groceries,East,343,61,20,Cloudy,0,60.54,Summer
Fresh Produce,182,100.55,1,30.79,43.98,2022-01-07,S004,Groceries,North,83,194,10,Sunny,0,40.77,Winter
Toy Car,231,75.46,2,24.58,32.77,2022-01-07,S004,Toys,East,72,186,0,Rainy,0,28.73,Spring
Sneakers,442,202.77,3,38.63,48.29,2022-01-07,S004,Clothing,South,186,97,0,Cloudy,1,45.31,Spring
Canned Goods,126,69.29,4,32.86,54.76,2022-01-07,S004,Groceries,South,50,87,20,Cloudy,1,49.85,Autumn
T-Shirt,88,74.64,5,53.71,82.63,2022-01-07,S004,Clothing,North,80,106,0,Snowy,1,82.31,Spring
Jeans,113,50.79,6,58.21,83.16,2022-01-07,S004,Clothing,West,36,133,5,Sunny,1,86.66,Spring
Bakery Goods,371,206.34,7,66.44,88.58,2022-01-07,S004,Groceries,North,188,58,15,Snowy,0,86.76,Winter
Plush Toy,242,230.9,1,48.39,60.49,2022-01-07,S004,Toys,South,227,75,10,Cloudy,0,64.27,Summer
Canned Goods,495,171.72,2,59.68,99.47,2022-01-07,S004,Groceries,South,174,58,10,Cloudy,0,102.21,Autumn
Office Chair,323,157.56,3,53.44,82.21,2022-01-07,S004,Furniture,North,139,173,0,Rainy,0,83.05,Autumn
Bookshelf,53,2.05,4,66.19,94.56,2022-01-07,S004,Furniture,South,4,84,10,Rainy,1,95.74,Summer
Coffee Table,94,61.63,5,49.76,66.34,2022-01-07,S004,Furniture,North,70,132,5,Sunny,1,68.05,Summer
Dairy Products,183,5.57,6,61.69,77.11,2022-01-07,S004,Groceries,North,12,112,15,Snowy,1,81.9,Summer
Puzzle,296,166.99,7,56.51,94.18,2022-01-07,S004,Toys,North,162,123,5,Rainy,0,93.94,Spring
Pantry Staples,227,97.73,2,26.83,41.28,2022-01-07,S005,Groceries,East,97,77,15,Snowy,1,44.0,Spring
Bluetooth Speaker,406,295.38,3,50.25,71.78,2022-01-07,S005,Electronics,West,297,38,0,Rainy,0,69.36,Autumn
Coffee Table,342,208.73,4,23.36,31.15,2022-01-07,S005,Furniture,South,197,26,10,Snowy,0,30.62,Winter
Sneakers,125,28.25,5,68.24,85.3,2022-01-07,S005,Clothing,West,32,149,15,Snowy,0,86.87,Summer
Puzzle,140,138.96,6,36.53,60.88,2022-01-07,S005,Toys,South,131,130,0,Rainy,1,58.4,Spring
Headphones,370,303.93,7,32.08,49.36,2022-01-07,S005,Electronics,East,284,135,15,Snowy,0,49.55,Winter
Board Game,441,260.89,1,53.49,76.42,2022-01-07,S005,Toys,North,246,68,5,Cloudy,0,72.96,Summer
Jacket,498,158.49,2,71.6,95.46,2022-01-07,S005,Clothing,North,139,125,5,Snowy,1,99.22,Summer
Dining Chair,213,176.48,3,20.41,25.51,2022-01-07,S005,Furniture,West,182,122,0,Cloudy,1,24.02,Autumn
Floor Lamp,260,155.35,4,36.74,61.24,2022-01-07,S005,Furniture,South,164,151,0,Sunny,1,58.08,Summer
Office Chair,453,456.22,5,53.27,81.95,2022-01-07,S005,Furniture,South,438,31,15,Sunny,0,78.29,Winter
Fresh Produce,454,52.42,6,36.23,51.76,2022-01-07,S005,Groceries,South,59,35,20,Rainy,1,55.96,Winter
Toy Car,129,89.85,7,35.76,47.68,2022-01-07,S005,Toys,North,88,177,20,Cloudy,1,44.19,Winter
Tablet,272,227.28,1,48.86,61.07,2022-01-07,S005,Electronics,West,211,134,10,Snowy,1,58.4,Summer
Gaming Console,206,172.67,2,37.88,63.13,2022-01-07,S005,Electronics,East,161,141,0,Cloudy,0,60.01,Autumn
Office Chair,170,105.03,3,24.84,38.22,2022-01-07,S005,Furniture,North,111,168,0,Cloudy,0,41.87,Autumn
Fresh Produce,453,189.39,4,54.89,78.41,2022-01-07,S005,Groceries,East,186,65,10,Snowy,1,82.58,Autumn
Jacket,159,24.11,5,33.46,44.62,2022-01-07,S005,Clothing,East,30,41,20,Sunny,1,49.14,Autumn
Dining Chair,60,33.96,6,25.15,31.44,2022-01-07,S005,Furniture,East,33,155,0,Rainy,1,33.88,Spring
Canned Goods,248,122.01,7,23.13,38.55,2022-01-07,S005,Groceries,West,126,28,0,Rainy,0,42.42,Winter
Office Chair,231,0.84,2,43.1,66.3,2022-01-08,S001,Furniture,East,2,119,20,Cloudy,1,63.82,Winter
Fresh Produce,55,44.32,3,50.48,72.12,2022-01-08,S001,Groceries,South,33,34,5,Rainy,0,73.33,Autumn
Smart Watch,338,135.43,4,29.55,39.4,2022-01-08,S001,Electronics,East,123,90,10,Rainy,1,35.41,Autumn
Plush Toy,420,89.99,5,32.5,40.63,2022-01-08,S001,Toys,North,79,141,0,Rainy,0,40.25,Summer
Canned Goods,355,236.6,6,12.44,20.73,2022-01-08,S001,Groceries,West,217,177,10,Rainy,1,16.33,Summer
Headphones,104,26.24,7,34.97,53.8,2022-01-08,S001,Electronics,East,14,26,20,Cloudy,0,50.16,Winter
Bookshelf,264,171.54,1,9.46,13.51,2022-01-08,S001,Furniture,North,172,145,15,Sunny,1,16.04,Winter
Toy Car,215,55.22,2,10.91,14.55,2022-01-08,S001,Toys,North,58,97,20,Cloudy,0,12.21,Summer
Tablet,375,160.95,3,18.02,22.53,2022-01-08,S001,Electronics,South,162,64,20,Cloudy,0,24.44,Autumn
Floor Lamp,253,185.53,4,38.69,64.49,2022-01-08,S001,Furniture,North,186,45,10,Rainy,1,65.01,Winter
Office Chair,357,96.63,5,14.37,22.11,2022-01-08,S001,Furniture,South,106,117,20,Cloudy,1,25.81,Summer
Bookshelf,264,226.07,6,55.84,79.77,2022-01-08,S001,Furniture,North,229,71,5,Snowy,1,79.7,Winter
Smart Watch,332,275.59,7,57.46,76.62,2022-01-08,S001,Electronics,South,261,66,0,Rainy,0,75.03,Autumn
Dining Chair,290,140.55,1,39.79,49.74,2022-01-08,S001,Furniture,South,142,158,5,Cloudy,0,53.24,Summer
Canned Goods,368,263.26,2,6.59,10.98,2022-01-08,S001,Groceries,South,255,66,5,Sunny,0,13.59,Spring
Headphones,361,48.81,3,20.88,32.13,2022-01-08,S001,Electronics,South,42,99,5,Cloudy,0,37.04,Summer
Jeans,467,252.57,4,29.58,42.26,2022-01-08,S001,Clothing,North,248,106,15,Rainy,1,40.43,Winter
Coffee Table,296,65.67,5,59.76,79.68,2022-01-08,S001,Furniture,West,58,71,5,Snowy,0,76.69,Summer
Dining Chair,440,136.09,6,9.78,12.22,2022-01-08,S001,Furniture,South,127,69,0,Rainy,0,11.92,Winter
Canned Goods,348,154.58,7,39.4,65.67,2022-01-08,S001,Groceries,South,151,126,15,Cloudy,1,68.33,Winter
Pantry Staples,349,348.41,2,58.64,90.22,2022-01-08,S002,Groceries,North,341,198,20,Rainy,1,87.58,Summer
Board Game,384,136.47,3,63.89,91.27,2022-01-08,S002,Toys,North,134,71,10,Cloudy,0,94.65,Spring
Smart Watch,369,65.36,4,56.77,75.69,2022-01-08,S002,Electronics,West,64,132,5,Sunny,1,78.99,Summer
Dairy Products,414,291.97,5,33.22,41.52,2022-01-08,S002,Groceries,East,298,93,20,Cloudy,0,42.35,Autumn
Puzzle,314,100.71,6,21.19,35.32,2022-01-08,S002,Toys,South,107,130,10,Cloudy,1,32.6,Summer
Pantry Staples,300,252.44,7,34.37,52.87,2022-01-08,S002,Groceries,South,233,149,10,Cloudy,0,51.75,Summer
Bookshelf,208,24.31,1,52.02,74.31,2022-01-08,S002,Furniture,South,18,172,10,Snowy,0,76.4,Autumn
Smart Watch,405,269.15,2,55.96,74.62,2022-01-08,S002,Electronics,South,278,65,0,Sunny,0,71.97,Autumn
Dairy Products,371,236.08,3,55.19,68.99,2022-01-08,S002,Groceries,West,241,113,0,Sunny,0,73.06,Spring
Puzzle,57,25.74,4,55.06,91.77,2022-01-08,S002,Toys,West,23,71,10,Rainy,1,91.56,Autumn
Headphones,64,-2.99,5,60.08,92.43,2022-01-08,S002,Electronics,South,7,79,0,Snowy,0,88.55,Spring
Jeans,294,3.77,6,24.88,35.54,2022-01-08,S002,Clothing,North,13,186,20,Rainy,1,30.77,Winter
Coffee Table,348,88.65,7,72.88,97.17,2022-01-08,S002,Furniture,North,91,70,10,Cloudy,1,95.44,Winter
Sneakers,210,28.83,1,56.71,70.89,2022-01-08,S002,Clothing,South,25,85,10,Cloudy,0,73.73,Winter
Puzzle,339,136.52,2,44.51,74.19,2022-01-08,S002,Toys,West,117,147,10,Rainy,0,70.08,Summer
T-Shirt,125,42.41,3,15.76,24.24,2022-01-08,S002,Clothing,South,34,24,20,Cloudy,1,19.87,Spring
Fresh Produce,160,167.47,4,56.76,81.09,2022-01-08,S002,Groceries,West,153,56,15,Sunny,0,86.01,Spring
Jacket,471,341.29,5,73.43,97.91,2022-01-08,S002,Clothing,South,351,36,0,Cloudy,0,93.15,Summer
Plush Toy,411,300.58,6,16.7,20.87,2022-01-08,S002,Toys,West,285,72,15,Rainy,1,18.88,Autumn
Puzzle,314,182.25,7,53.85,89.75,2022-01-08,S002,Toys,East,188,67,5,Rainy,0,87.28,Autumn
T-Shirt,370,282.53,2,47.0,72.31,2022-01-08,S003,Clothing,South,264,56,20,Snowy,1,68.04,Autumn
Bookshelf,327,63.85,3,52.68,75.25,2022-01-08,S003,Furniture,East,50,31,10,Rainy,1,72.17,Spring
Smart Watch,216,8.86,4,34.65,46.2,2022-01-08,S003,Electronics,North,12,44,10,Sunny,1,45.15,Summer
Sneakers,435,245.77,5,23.71,29.64,2022-01-08,S003,Clothing,East,250,26,0,Cloudy,1,25.93,Autumn
Floor Lamp,477,284.27,6,44.17,73.61,2022-01-08,S003,Furniture,South,271,67,5,Sunny,0,69.74,Autumn
T-Shirt,363,196.74,7,48.56,74.7,2022-01-08,S003,Clothing,East,189,163,10,Rainy,1,79.56,Autumn
Fresh Produce,418,327.28,1,51.5,73.57,2022-01-08,S003,Groceries,West,324,30,0,Sunny,1,69.12,Winter
Jacket,496,463.17,2,14.88,19.84,2022-01-08,S003,Clothing,East,454,56,5,Sunny,0,20.0,Autumn
Tablet,176,107.37,3,67.58,84.48,2022-01-08,S003,Electronics,West,104,21,0,Rainy,1,88.15,Spring
Canned Goods,84,24.13,4,53.12,88.54,2022-01-08,S003,Groceries,East,6,63,20,Snowy,1,92.13,Spring
Office Chair,482,480.66,5,48.19,74.14,2022-01-08,S003,Furniture,East,480,68,20,Snowy,0,73.2,Winter
Bookshelf,55,7.02,6,11.52,16.46,2022-01-08,S003,Furniture,West,3,46,5,Snowy,1,17.96,Spring
Bakery Goods,303,17.37,7,65.83,87.77,2022-01-08,S003,Groceries,South,11,29,0,Sunny,1,85.3,Summer
Dining Chair,364,64.74,1,16.25,20.31,2022-01-08,S003,Furniture,West,60,28,10,Cloudy,0,24.85,Summer
Gaming Console,233,44.21,2,58.63,97.72,2022-01-08,S003,Electronics,South,47,145,0,Cloudy,0,102.16,Winter
T-Shirt,81,33.1,3,17.32,26.65,2022-01-08,S003,Clothing,East,36,69,10,Cloudy,1,28.85,Spring
Bluetooth Speaker,93,81.22,4,10.94,15.63,2022-01-08,S003,Electronics,North,85,46,20,Snowy,0,18.44,Summer
Toy Car,117,57.16,5,40.15,53.53,2022-01-08,S003,Toys,South,61,159,10,Snowy,0,51.64,Autumn
Plush Toy,109,70.44,6,18.14,22.67,2022-01-08,S003,Toys,South,66,132,0,Snowy,0,25.4,Winter
Gaming Console,156,122.65,7,12.61,21.01,2022-01-08,S003,Electronics,South,119,47,5,Cloudy,1,19.42,Summer
T-Shirt,62,28.07,2,16.06,24.71,2022-01-08,S004,Clothing,East,23,131,20,Cloudy,1,25.11,Spring
Board Game,74,27.36,3,58.23,83.18,2022-01-08,S004,Toys,South,25,48,5,Rainy,0,85.58,Winter
Bakery Goods,280,220.31,4,16.7,22.27,2022-01-08,S004,Groceries,North,214,21,10,Snowy,1,20.86,Winter
Dining Chair,470,455.48,5,71.1,88.87,2022-01-08,S004,Furniture,West,450,191,5,Rainy,0,93.03,Winter
Canned Goods,183,149.58,6,6.86,11.43,2022-01-08,S004,Groceries,South,148,90,20,Snowy,0,16.1,Summer
Office Chair,109,83.8,7,13.32,20.5,2022-01-08,S004,Furniture,North,69,58,15,Snowy,0,20.26,Autumn
Bluetooth Speaker,152,99.28,1,39.79,56.84,2022-01-08,S004,Electronics,North,97,105,15,Cloudy,0,55.52,Autumn
Bakery Goods,203,170.06,2,29.86,39.81,2022-01-08,S004,Groceries,North,161,51,10,Rainy,1,39.59,Autumn
Sneakers,102,96.05,3,52.51,65.64,2022-01-08,S004,Clothing,North,97,177,5,Sunny,1,62.4,Spring
Gaming Console,393,162.77,4,9.16,15.27,2022-01-08,S004,Electronics,North,170,187,0,Cloudy,0,14.74,Spring
Building Blocks,317,135.34,5,20.93,32.2,2022-01-08,S004,Toys,West,132,48,15,Snowy,1,36.91,Autumn
Bookshelf,163,147.73,6,64.69,92.42,2022-01-08,S004,Furniture,East,145,194,10,Sunny,0,97.22,Winter
Smart Watch,386,342.0,7,15.1,20.13,2022-01-08,S004,Electronics,West,331,162,20,Snowy,1,24.22,Autumn
Dining Chair,311,267.54,1,41.55,51.94,2022-01-08,S004,Furniture,East,256,168,10,Snowy,0,54.91,Winter
Gaming Console,338,128.97,2,11.71,19.51,2022-01-08,S004,Electronics,North,135,145,10,Sunny,1,24.3,Spring
Headphones,329,166.53,3,53.26,81.94,2022-01-08,S004,Electronics,North,163,56,0,Cloudy,1,79.28,Summer
Board Game,111,113.96,4,66.48,94.97,2022-01-08,S004,Toys,South,105,85,5,Rainy,0,91.43,Summer
Toy Car,190,37.83,5,48.95,65.26,2022-01-08,S004,Toys,West,39,37,20,Cloudy,1,69.04,Summer
Dairy Products,353,40.63,6,17.19,21.49,2022-01-08,S004,Groceries,East,41,174,20,Cloudy,1,23.14,Autumn
Canned Goods,176,71.18,7,18.4,30.67,2022-01-08,S004,Groceries,West,59,21,15,Sunny,1,25.88,Spring
Building Blocks,107,62.9,2,13.78,21.2,2022-01-08,S005,Toys,North,53,189,20,Sunny,0,18.82,Summer
Jeans,196,142.88,3,34.06,48.65,2022-01-08,S005,Clothing,West,149,35,10,Cloudy,1,45.55,Spring
Toy Car,341,202.85,4,45.79,61.05,2022-01-08,S005,Toys,East,208,23,10,Cloudy,1,62.64,Spring
Tablet,401,70.2,5,46.38,57.98,2022-01-08,S005,Electronics,South,61,25,20,Rainy,1,60.38,Autumn
Canned Goods,459,207.67,6,6.5,10.83,2022-01-08,S005,Groceries,East,211,35,20,Sunny,1,11.86,Summer
Office Chair,323,232.03,7,40.12,61.72,2022-01-08,S005,Furniture,North,223,111,5,Snowy,1,62.81,Spring
Board Game,112,105.58,1,29.97,42.82,2022-01-08,S005,Toys,South,93,177,5,Sunny,0,45.41,Summer
Bakery Goods,297,162.16,2,55.5,74.0,2022-01-08,S005,Groceries,West,150,96,5,Snowy,1,69.22,Autumn
Plush Toy,489,141.76,3,17.2,21.5,2022-01-08,S005,Toys,East,147,81,5,Sunny,1,18.34,Spring
Sweater,254,201.37,4,43.39,72.32,2022-01-08,S005,Clothing,East,209,57,5,Cloudy,1,74.51,Winter
Pantry Staples,137,55.57,5,32.97,50.72,2022-01-08,S005,Groceries,North,40,159,5,Rainy,0,54.08,Summer
Board Game,314,1.3,6,31.09,44.41,2022-01-08,S005,Toys,West,8,78,15,Sunny,1,39.42,Autumn
Bakery Goods,365,239.85,7,71.55,95.4,2022-01-08,S005,Groceries,West,241,86,0,Sunny,1,91.51,Autumn
Dairy Products,177,4.09,1,58.34,72.93,2022-01-08,S005,Groceries,West,8,37,10,Sunny,0,72.3,Summer
Canned Goods,307,241.79,2,57.65,96.08,2022-01-08,S005,Groceries,South,230,20,0,Rainy,0,92.66,Autumn
T-Shirt,101,91.65,3,12.82,19.72,2022-01-08,S005,Clothing,South,89,162,15,Sunny,1,18.2,Summer
Jeans,377,126.12,4,42.34,60.49,2022-01-08,S005,Clothing,East,116,49,20,Cloudy,1,61.93,Winter
Coffee Table,448,131.84,5,66.66,88.88,2022-01-08,S005,Furniture,East,125,199,15,Sunny,0,89.6,Spring
Dining Chair,135,100.37,6,34.02,42.53,2022-01-08,S005,Furniture,South,83,195,0,Snowy,1,46.54,Summer
Canned Goods,383,107.46,7,12.5,20.84,2022-01-08,S005,Groceries,West,96,44,10,Sunny,1,21.93,Spring
Headphones,373,352.24,2,27.12,41.72,2022-01-09,S001,Electronics,South,350,178,0,Sunny,1,38.68,Summer
Jeans,142,28.55,3,67.43,96.33,2022-01-09,S001,Clothing,North,9,67,15,Cloudy,1,95.03,Spring
Toy Car,153,147.91,4,14.0,18.67,2022-01-09,S001,Toys,East,153,107,5,Sunny,1,19.14,Autumn
Dairy Products,410,17.43,5,51.79,64.74,2022-01-09,S001,Groceries,West,5,188,15,Snowy,0,65.03,Summer
Puzzle,471,353.75,6,50.14,83.56,2022-01-09,S001,Toys,North,343,32,0,Sunny,0,86.48,Spring
Pantry Staples,199,41.19,7,38.5,59.23,2022-01-09,S001,Groceries,North,45,174,5,Rainy,0,54.92,Winter
Bluetooth Speaker,81,98.81,1,23.94,34.2,2022-01-09,S001,Electronics,South,81,177,15,Sunny,1,37.95,Autumn
Jacket,247,202.27,2,62.95,83.93,2022-01-09,S001,Clothing,East,194,80,10,Snowy,0,84.92,Autumn
Sneakers,285,171.32,3,60.74,75.93,2022-01-09,S001,Clothing,West,169,46,20,Cloudy,1,78.51,Spring
Puzzle,97,38.87,4,41.87,69.78,2022-01-09,S001,Toys,South,40,148,15,Cloudy,1,65.21,Summer
Pantry Staples,361,123.38,5,33.92,52.18,2022-01-09,S001,Groceries,North,106,28,5,Cloudy,1,50.67,Spring
Bluetooth Speaker,94,56.16,6,9.72,13.88,2022-01-09,S001,Electronics,South,50,101,20,Rainy,0,13.91,Autumn
Toy Car,219,90.58,7,33.63,44.84,2022-01-09,S001,Toys,North,85,142,20,Sunny,0,44.08,Spring
Tablet,194,68.07,1,62.59,78.24,2022-01-09,S001,Electronics,East,51,63,5,Snowy,0,79.19,Summer
Puzzle,424,340.97,2,26.84,44.74,2022-01-09,S001,Toys,East,342,108,10,Snowy,1,45.62,Spring
Headphones,458,100.51,3,34.12,52.49,2022-01-09,S001,Electronics,East,98,52,5,Cloudy,1,49.14,Spring
Bluetooth Speaker,487,433.88,4,64.25,91.79,2022-01-09,S001,Electronics,North,418,98,5,Snowy,1,90.65,Winter
Jacket,363,306.77,5,39.04,52.06,2022-01-09,S001,Clothing,North,316,107,5,Rainy,0,50.29,Summer
Dairy Products,317,292.13,6,29.94,37.43,2022-01-09,S001,Groceries,West,284,78,5,Snowy,0,33.91,Autumn
Puzzle,351,66.56,7,6.59,10.99,2022-01-09,S001,Toys,North,55,33,0,Cloudy,0,7.6,Spring
Pantry Staples,361,149.74,2,50.98,78.43,2022-01-09,S002,Groceries,South,155,102,15,Cloudy,1,82.14,Winter
Board Game,93,25.81,3,67.64,96.63,2022-01-09,S002,Toys,North,29,101,5,Rainy,1,95.9,Winter
Smart Watch,204,62.18,4,43.91,58.55,2022-01-09,S002,Electronics,North,50,179,15,Snowy,0,57.36,Autumn
Tablet,240,144.48,5,48.21,60.26,2022-01-09,S002,Electronics,East,137,177,15,Rainy,1,63.81,Spring
Puzzle,478,249.33,6,56.94,94.9,2022-01-09,S002,Toys,South,242,102,20,Sunny,1,98.8,Autumn
Pantry Staples,170,69.31,7,61.8,95.07,2022-01-09,S002,Groceries,South,71,151,5,Cloudy,1,90.08,Spring
Jeans,332,256.19,1,63.98,91.4,2022-01-09,S002,Clothing,East,237,66,15,Cloudy,0,91.21,Winter
Smart Watch,116,35.45,2,60.85,81.13,2022-01-09,S002,Electronics,West,45,152,10,Cloudy,1,84.71,Spring
Tablet,306,258.01,3,58.39,72.99,2022-01-09,S002,Electronics,North,252,166,20,Cloudy,1,71.11,Spring
Gaming Console,376,212.54,4,6.78,11.3,2022-01-09,S002,Electronics,South,222,59,10,Cloudy,0,7.69,Winter
T-Shirt,450,345.11,5,59.42,91.41,2022-01-09,S002,Clothing,East,334,155,10,Snowy,1,88.3,Winter
Bluetooth Speaker,201,44.15,6,35.9,51.28,2022-01-09,S002,Electronics,South,45,141,5,Cloudy,0,49.5,Spring
Coffee Table,344,289.15,7,20.11,26.81,2022-01-09,S002,Furniture,West,270,81,15,Sunny,1,26.46,Winter
Plush Toy,330,93.59,1,18.72,23.4,2022-01-09,S002,Toys,North,87,101,5,Snowy,1,24.43,Summer
Gaming Console,443,264.3,2,43.12,71.86,2022-01-09,S002,Electronics,West,270,162,20,Sunny,0,69.87,Autumn
Office Chair,219,179.94,3,34.44,52.98,2022-01-09,S002,Furniture,North,178,114,0,Sunny,1,54.51,Winter
Bluetooth Speaker,100,62.54,4,34.14,48.77,2022-01-09,S002,Electronics,South,50,99,5,Snowy,1,46.12,Spring
Coffee Table,96,103.86,5,34.26,45.68,2022-01-09,S002,Furniture,West,95,63,0,Sunny,1,45.36,Autumn
Sneakers,491,46.59,6,12.2,15.25,2022-01-09,S002,Clothing,West,45,68,15,Sunny,0,20.13,Winter
Sweater,421,397.01,7,59.95,99.92,2022-01-09,S002,Clothing,East,391,48,15,Snowy,1,95.92,Winter
T-Shirt,139,106.74,2,54.91,84.48,2022-01-09,S003,Clothing,East,112,66,0,Snowy,0,89.23,Summer
Fresh Produce,363,336.29,3,31.79,45.42,2022-01-09,S003,Groceries,North,337,95,5,Sunny,0,48.52,Autumn
Bakery Goods,159,112.01,4,53.53,71.37,2022-01-09,S003,Groceries,East,98,47,10,Rainy,1,69.07,Summer
Tablet,252,43.23,5,24.7,30.87,2022-01-09,S003,Electronics,East,34,150,20,Snowy,1,35.29,Spring
Floor Lamp,418,-1.33,6,36.13,60.22,2022-01-09,S003,Furniture,West,4,143,0,Cloudy,1,58.63,Summer
Building Blocks,248,59.54,7,53.51,82.33,2022-01-09,S003,Toys,East,65,138,15,Rainy,0,80.8,Spring
Jeans,440,13.86,1,36.1,51.57,2022-01-09,S003,Clothing,North,21,49,20,Cloudy,1,49.43,Summer
Jacket,267,106.79,2,17.05,22.73,2022-01-09,S003,Clothing,South,100,134,5,Cloudy,1,25.27,Autumn
Tablet,427,343.88,3,26.32,32.9,2022-01-09,S003,Electronics,South,331,128,20,Snowy,0,36.09,Summer
Puzzle,60,51.32,4,51.34,85.57,2022-01-09,S003,Toys,East,40,65,20,Rainy,0,82.49,Spring
T-Shirt,421,63.04,5,56.8,87.39,2022-01-09,S003,Clothing,West,48,99,5,Cloudy,1,87.16,Summer
Bluetooth Speaker,398,388.39,6,55.17,78.81,2022-01-09,S003,Electronics,East,393,149,10,Sunny,1,81.37,Spring
Bakery Goods,223,126.41,7,19.72,26.29,2022-01-09,S003,Groceries,East,116,35,15,Cloudy,1,22.02,Spring
Tablet,495,205.97,1,65.84,82.3,2022-01-09,S003,Electronics,West,198,146,15,Rainy,0,86.23,Autumn
Gaming Console,90,68.42,2,9.39,15.65,2022-01-09,S003,Electronics,South,67,92,15,Snowy,1,18.07,Summer
T-Shirt,227,73.48,3,41.0,63.07,2022-01-09,S003,Clothing,West,55,77,20,Sunny,0,60.96,Spring
Jeans,488,312.76,4,19.05,27.22,2022-01-09,S003,Clothing,North,312,171,0,Snowy,0,24.53,Summer
Bakery Goods,260,179.09,5,26.67,35.56,2022-01-09,S003,Groceries,North,169,33,10,Cloudy,1,37.14,Winter
Dining Chair,419,160.89,6,26.04,32.55,2022-01-09,S003,Furniture,West,141,124,20,Snowy,0,32.84,Winter
Gaming Console,486,216.77,7,50.11,83.51,2022-01-09,S003,Electronics,North,225,190,15,Sunny,1,86.47,Summer
T-Shirt,391,250.85,2,52.4,80.62,2022-01-09,S004,Clothing,West,253,163,0,Rainy,0,79.01,Autumn
Board Game,211,89.7,3,68.92,98.46,2022-01-09,S004,Toys,North,74,131,5,Snowy,1,101.18,Summer
Toy Car,306,64.75,4,67.41,89.88,2022-01-09,S004,Toys,East,58,54,10,Snowy,0,94.46,Spring
Tablet,311,121.07,5,42.0,52.5,2022-01-09,S004,Electronics,North,117,88,20,Snowy,1,54.96,Summer
Gaming Console,387,239.56,6,58.33,97.22,2022-01-09,S004,Electronics,East,242,128,15,Cloudy,1,96.74,Winter
Headphones,120,108.83,7,42.39,65.21,2022-01-09,S004,Electronics,East,97,111,5,Sunny,0,64.54,Winter
Jeans,393,236.49,1,41.47,59.25,2022-01-09,S004,Clothing,West,239,104,20,Cloudy,1,57.58,Winter
Jacket,310,319.38,2,34.58,46.11,2022-01-09,S004,Clothing,West,307,51,20,Rainy,0,41.37,Summer
Plush Toy,436,247.52,3,70.99,88.74,2022-01-09,S004,Toys,North,250,194,15,Rainy,0,87.46,Spring
Floor Lamp,356,70.92,4,43.51,72.52,2022-01-09,S004,Furniture,North,57,165,5,Rainy,1,77.37,Autumn
Office Chair,203,153.2,5,22.35,34.38,2022-01-09,S004,Furniture,East,156,75,0,Rainy,0,31.76,Autumn
Board Game,259,192.43,6,37.48,53.55,2022-01-09,S004,Toys,South,175,171,5,Snowy,0,52.61,Summer
Smart Watch,192,5.33,7,30.6,40.8,2022-01-09,S004,Electronics,South,6,151,15,Rainy,1,38.42,Autumn
Plush Toy,470,14.41,1,18.39,22.99,2022-01-09,S004,Toys,West,3,79,20,Snowy,0,26.24,Autumn
